9LayerName,Type,Group,EnclaveTime_mean,EnclaveTime_std,EnclaveTime_min,EnclaveTime_max,EnclaveTime_p95,EnclaveTime_p99,CPUTime_mean,CPUTime_std,CPUTime_min,CPUTime_max,InputBytes,OutputBytes,InputShape,OutputShape,Dependencies,NumIterations
input,SecretInputLayer,Stem-Part1,0.0000,0.0000,0.0000,0.0000,0.0000,0.0000,0.0100,0.0000,0.0100,0.0100,1072812,1072812,"[1, 3, 299, 299]","[1, 3, 299, 299]",,10
stem_conv1,SGXConvBase,Stem-Part1,0.0000,0.0000,0.0000,0.0000,0.0000,0.0000,2.5306,0.2214,2.3739,3.1804,2841728,2841728,"[1, 32, 149, 149]","[1, 32, 149, 149]",,10
stem_relu1,SecretReLULayer,Stem-Part1,0.0000,0.0000,0.0000,0.0000,0.0000,0.0000,0.1094,0.0044,0.1060,0.1216,2841728,2841728,"[1, 32, 149, 149]","[1, 32, 149, 149]",,10
stem_conv2,SGXConvBase,Stem-Part1,0.0000,0.0000,0.0000,0.0000,0.0000,0.0000,3.2084,0.1063,3.0680,3.3580,2765952,2765952,"[1, 32, 147, 147]","[1, 32, 147, 147]",,10
stem_relu2,SecretReLULayer,Stem-Part1,0.0000,0.0000,0.0000,0.0000,0.0000,0.0000,0.1042,0.0052,0.1013,0.1193,2765952,2765952,"[1, 32, 147, 147]","[1, 32, 147, 147]",,10
stem_conv3,SGXConvBase,Stem-Part2,0.0000,0.0000,0.0000,0.0000,0.0000,0.0000,10.6088,0.5864,10.2444,11.9308,5531904,5531904,"[1, 64, 147, 147]","[1, 64, 147, 147]",,10
stem_relu3,SecretReLULayer,Stem-Part2,0.0000,0.0000,0.0000,0.0000,0.0000,0.0000,0.2031,0.0048,0.1972,0.2124,5531904,5531904,"[1, 64, 147, 147]","[1, 64, 147, 147]",,10
stem_pool1,SecretMaxpool2dLayer,Stem-Part2,0.0000,0.0000,0.0000,0.0000,0.0000,0.0000,8.6161,0.0229,8.5877,8.6558,1364224,1364224,"[1, 64, 73, 73]","[1, 64, 73, 73]",,10
stem_conv4,SGXConvBase,Stem-Part3,0.0000,0.0000,0.0000,0.0000,0.0000,0.0000,3.6894,0.0464,3.6494,3.8095,1705280,1705280,"[1, 80, 73, 73]","[1, 80, 73, 73]",,10
stem_relu4,SecretReLULayer,Stem-Part3,0.0000,0.0000,0.0000,0.0000,0.0000,0.0000,0.0619,0.0041,0.0596,0.0739,1705280,1705280,"[1, 80, 73, 73]","[1, 80, 73, 73]",,10
stem_conv5,SGXConvBase,Stem-Part3,0.0000,0.0000,0.0000,0.0000,0.0000,0.0000,11.4268,0.0694,11.3514,11.5547,3871488,3871488,"[1, 192, 71, 71]","[1, 192, 71, 71]",,10
stem_relu5,SecretReLULayer,Stem-Part3,0.0000,0.0000,0.0000,0.0000,0.0000,0.0000,0.1449,0.0057,0.1400,0.1564,3871488,3871488,"[1, 192, 71, 71]","[1, 192, 71, 71]",,10
stem_pool2,SecretMaxpool2dLayer,Stem-Part4,0.0000,0.0000,0.0000,0.0000,0.0000,0.0000,5.9674,0.0356,5.9299,6.0460,940800,940800,"[1, 192, 35, 35]","[1, 192, 35, 35]",,10
inception_a1_b1_1x1,SGXConvBase,Inception-A1,0.0000,0.0000,0.0000,0.0000,0.0000,0.0000,0.6204,0.0126,0.6024,0.6387,313600,313600,"[1, 64, 35, 35]","[1, 64, 35, 35]",,10
inception_a1_b1_relu,SecretReLULayer,Inception-A1,0.0000,0.0000,0.0000,0.0000,0.0000,0.0000,0.0101,0.0007,0.0098,0.0120,313600,313600,"[1, 64, 35, 35]","[1, 64, 35, 35]",,10
inception_a1_b2_1x1,SGXConvBase,Inception-A1,0.0000,0.0000,0.0000,0.0000,0.0000,0.0000,0.6123,0.0092,0.5990,0.6299,313600,313600,"[1, 64, 35, 35]","[1, 64, 35, 35]",,10
inception_a1_b2_relu1,SecretReLULayer,Inception-A1,0.0000,0.0000,0.0000,0.0000,0.0000,0.0000,0.0105,0.0014,0.0100,0.0146,313600,313600,"[1, 64, 35, 35]","[1, 64, 35, 35]",,10
inception_a1_b2_3x3,SGXConvBase,Inception-A1,0.0000,0.0000,0.0000,0.0000,0.0000,0.0000,1.2626,0.0095,1.2506,1.2750,470400,470400,"[1, 96, 35, 35]","[1, 96, 35, 35]",,10
inception_a1_b2_relu2,SecretReLULayer,Inception-A1,0.0000,0.0000,0.0000,0.0000,0.0000,0.0000,0.0122,0.0002,0.0120,0.0127,470400,470400,"[1, 96, 35, 35]","[1, 96, 35, 35]",,10
inception_a1_b3_1x1,SGXConvBase,Inception-A1,0.0000,0.0000,0.0000,0.0000,0.0000,0.0000,0.3887,0.0103,0.3773,0.4048,235200,235200,"[1, 48, 35, 35]","[1, 48, 35, 35]",,10
inception_a1_b3_relu1,SecretReLULayer,Inception-A1,0.0000,0.0000,0.0000,0.0000,0.0000,0.0000,0.0190,0.0002,0.0188,0.0193,235200,235200,"[1, 48, 35, 35]","[1, 48, 35, 35]",,10
inception_a1_b3_3x3_1,SGXConvBase,Inception-A1,0.0000,0.0000,0.0000,0.0000,0.0000,0.0000,0.6105,0.0091,0.5970,0.6241,313600,313600,"[1, 64, 35, 35]","[1, 64, 35, 35]",,10
inception_a1_b3_relu2,SecretReLULayer,Inception-A1,0.0000,0.0000,0.0000,0.0000,0.0000,0.0000,0.0100,0.0004,0.0096,0.0112,313600,313600,"[1, 64, 35, 35]","[1, 64, 35, 35]",,10
inception_a1_b3_3x3_2,SGXConvBase,Inception-A1,0.0000,0.0000,0.0000,0.0000,0.0000,0.0000,0.6111,0.0077,0.5976,0.6201,313600,313600,"[1, 64, 35, 35]","[1, 64, 35, 35]",,10
inception_a1_b3_relu3,SecretReLULayer,Inception-A1,0.0000,0.0000,0.0000,0.0000,0.0000,0.0000,0.0120,0.0032,0.0100,0.0192,313600,313600,"[1, 64, 35, 35]","[1, 64, 35, 35]",,10
inception_a1_b4_pool,SecretMaxpool2dLayer,Inception-A1,0.0000,0.0000,0.0000,0.0000,0.0000,0.0000,6.0174,0.0173,5.9834,6.0513,940800,940800,"[1, 192, 35, 35]","[1, 192, 35, 35]",,10
inception_a1_b4_1x1,SGXConvBase,Inception-A1,0.0000,0.0000,0.0000,0.0000,0.0000,0.0000,0.2086,0.0064,0.1994,0.2202,156800,156800,"[1, 32, 35, 35]","[1, 32, 35, 35]",,10
inception_a1_b4_relu,SecretReLULayer,Inception-A1,0.0000,0.0000,0.0000,0.0000,0.0000,0.0000,0.0110,0.0021,0.0097,0.0152,156800,156800,"[1, 32, 35, 35]","[1, 32, 35, 35]",,10
inception_a1_concat,SecretConcatenateLayer,Inception-A1,0.0000,0.0000,0.0000,0.0000,0.0000,0.0000,0.0100,0.0000,0.0100,0.0100,1254400,1254400,"[1, 256, 35, 35]","[1, 256, 35, 35]",,10
inception_a2_b1_1x1,SGXConvBase,Inception-A2,0.0000,0.0000,0.0000,0.0000,0.0000,0.0000,0.6170,0.0112,0.6021,0.6380,313600,313600,"[1, 64, 35, 35]","[1, 64, 35, 35]",,10
inception_a2_b1_relu,SecretReLULayer,Inception-A2,0.0000,0.0000,0.0000,0.0000,0.0000,0.0000,0.0106,0.0021,0.0097,0.0169,313600,313600,"[1, 64, 35, 35]","[1, 64, 35, 35]",,10
inception_a2_b2_1x1,SGXConvBase,Inception-A2,0.0000,0.0000,0.0000,0.0000,0.0000,0.0000,0.6146,0.0094,0.6019,0.6264,313600,313600,"[1, 64, 35, 35]","[1, 64, 35, 35]",,10
inception_a2_b2_relu1,SecretReLULayer,Inception-A2,0.0000,0.0000,0.0000,0.0000,0.0000,0.0000,0.0106,0.0015,0.0098,0.0151,313600,313600,"[1, 64, 35, 35]","[1, 64, 35, 35]",,10
inception_a2_b2_3x3,SGXConvBase,Inception-A2,0.0000,0.0000,0.0000,0.0000,0.0000,0.0000,1.2604,0.0090,1.2483,1.2761,470400,470400,"[1, 96, 35, 35]","[1, 96, 35, 35]",,10
inception_a2_b2_relu2,SecretReLULayer,Inception-A2,0.0000,0.0000,0.0000,0.0000,0.0000,0.0000,0.0121,0.0001,0.0120,0.0125,470400,470400,"[1, 96, 35, 35]","[1, 96, 35, 35]",,10
inception_a2_b3_1x1,SGXConvBase,Inception-A2,0.0000,0.0000,0.0000,0.0000,0.0000,0.0000,0.3894,0.0115,0.3763,0.4166,235200,235200,"[1, 48, 35, 35]","[1, 48, 35, 35]",,10
inception_a2_b3_relu1,SecretReLULayer,Inception-A2,0.0000,0.0000,0.0000,0.0000,0.0000,0.0000,0.0203,0.0030,0.0187,0.0279,235200,235200,"[1, 48, 35, 35]","[1, 48, 35, 35]",,10
inception_a2_b3_3x3_1,SGXConvBase,Inception-A2,0.0000,0.0000,0.0000,0.0000,0.0000,0.0000,0.6113,0.0095,0.5972,0.6221,313600,313600,"[1, 64, 35, 35]","[1, 64, 35, 35]",,10
inception_a2_b3_relu2,SecretReLULayer,Inception-A2,0.0000,0.0000,0.0000,0.0000,0.0000,0.0000,0.0100,0.0003,0.0098,0.0109,313600,313600,"[1, 64, 35, 35]","[1, 64, 35, 35]",,10
inception_a2_b3_3x3_2,SGXConvBase,Inception-A2,0.0000,0.0000,0.0000,0.0000,0.0000,0.0000,0.6102,0.0101,0.5953,0.6247,313600,313600,"[1, 64, 35, 35]","[1, 64, 35, 35]",,10
inception_a2_b3_relu3,SecretReLULayer,Inception-A2,0.0000,0.0000,0.0000,0.0000,0.0000,0.0000,0.0133,0.0043,0.0097,0.0189,313600,313600,"[1, 64, 35, 35]","[1, 64, 35, 35]",,10
inception_a2_b4_pool,SecretMaxpool2dLayer,Inception-A2,0.0000,0.0000,0.0000,0.0000,0.0000,0.0000,6.0062,0.0264,5.9691,6.0436,940800,940800,"[1, 192, 35, 35]","[1, 192, 35, 35]",,10
inception_a2_b4_1x1,SGXConvBase,Inception-A2,0.0000,0.0000,0.0000,0.0000,0.0000,0.0000,0.2130,0.0096,0.2008,0.2299,156800,156800,"[1, 32, 35, 35]","[1, 32, 35, 35]",,10
inception_a2_b4_relu,SecretReLULayer,Inception-A2,0.0000,0.0000,0.0000,0.0000,0.0000,0.0000,0.0104,0.0015,0.0096,0.0149,156800,156800,"[1, 32, 35, 35]","[1, 32, 35, 35]",,10
inception_a2_concat,SecretConcatenateLayer,Inception-A2,0.0000,0.0000,0.0000,0.0000,0.0000,0.0000,0.0100,0.0000,0.0100,0.0100,1254400,1254400,"[1, 256, 35, 35]","[1, 256, 35, 35]",,10
inception_a3_b1_1x1,SGXConvBase,Inception-A3,0.0000,0.0000,0.0000,0.0000,0.0000,0.0000,0.6174,0.0111,0.6012,0.6381,313600,313600,"[1, 64, 35, 35]","[1, 64, 35, 35]",,10
inception_a3_b1_relu,SecretReLULayer,Inception-A3,0.0000,0.0000,0.0000,0.0000,0.0000,0.0000,0.0127,0.0033,0.0099,0.0189,313600,313600,"[1, 64, 35, 35]","[1, 64, 35, 35]",,10
inception_a3_b2_1x1,SGXConvBase,Inception-A3,0.0000,0.0000,0.0000,0.0000,0.0000,0.0000,0.6113,0.0075,0.6000,0.6275,313600,313600,"[1, 64, 35, 35]","[1, 64, 35, 35]",,10
inception_a3_b2_relu1,SecretReLULayer,Inception-A3,0.0000,0.0000,0.0000,0.0000,0.0000,0.0000,0.0130,0.0039,0.0099,0.0187,313600,313600,"[1, 64, 35, 35]","[1, 64, 35, 35]",,10
inception_a3_b2_3x3,SGXConvBase,Inception-A3,0.0000,0.0000,0.0000,0.0000,0.0000,0.0000,1.2598,0.0126,1.2437,1.2878,470400,470400,"[1, 96, 35, 35]","[1, 96, 35, 35]",,10
inception_a3_b2_relu2,SecretReLULayer,Inception-A3,0.0000,0.0000,0.0000,0.0000,0.0000,0.0000,0.0126,0.0011,0.0119,0.0152,470400,470400,"[1, 96, 35, 35]","[1, 96, 35, 35]",,10
inception_a3_b3_1x1,SGXConvBase,Inception-A3,0.0000,0.0000,0.0000,0.0000,0.0000,0.0000,0.3847,0.0079,0.3724,0.3995,235200,235200,"[1, 48, 35, 35]","[1, 48, 35, 35]",,10
inception_a3_b3_relu1,SecretReLULayer,Inception-A3,0.0000,0.0000,0.0000,0.0000,0.0000,0.0000,0.0191,0.0008,0.0187,0.0214,235200,235200,"[1, 48, 35, 35]","[1, 48, 35, 35]",,10
inception_a3_b3_3x3_1,SGXConvBase,Inception-A3,0.0000,0.0000,0.0000,0.0000,0.0000,0.0000,0.7703,0.0903,0.6231,0.8581,313600,313600,"[1, 64, 35, 35]","[1, 64, 35, 35]",,10
inception_a3_b3_relu2,SecretReLULayer,Inception-A3,0.0000,0.0000,0.0000,0.0000,0.0000,0.0000,0.0101,0.0003,0.0099,0.0107,313600,313600,"[1, 64, 35, 35]","[1, 64, 35, 35]",,10
inception_a3_b3_3x3_2,SGXConvBase,Inception-A3,0.0000,0.0000,0.0000,0.0000,0.0000,0.0000,0.6088,0.0091,0.5972,0.6212,313600,313600,"[1, 64, 35, 35]","[1, 64, 35, 35]",,10
inception_a3_b3_relu3,SecretReLULayer,Inception-A3,0.0000,0.0000,0.0000,0.0000,0.0000,0.0000,0.0111,0.0026,0.0099,0.0187,313600,313600,"[1, 64, 35, 35]","[1, 64, 35, 35]",,10
inception_a3_b4_pool,SecretMaxpool2dLayer,Inception-A3,0.0000,0.0000,0.0000,0.0000,0.0000,0.0000,5.9846,0.0196,5.9479,6.0169,940800,940800,"[1, 192, 35, 35]","[1, 192, 35, 35]",,10
inception_a3_b4_1x1,SGXConvBase,Inception-A3,0.0000,0.0000,0.0000,0.0000,0.0000,0.0000,0.2106,0.0074,0.2002,0.2226,156800,156800,"[1, 32, 35, 35]","[1, 32, 35, 35]",,10
inception_a3_b4_relu,SecretReLULayer,Inception-A3,0.0000,0.0000,0.0000,0.0000,0.0000,0.0000,0.0105,0.0015,0.0097,0.0148,156800,156800,"[1, 32, 35, 35]","[1, 32, 35, 35]",,10
inception_a3_concat,SecretConcatenateLayer,Inception-A3,0.0000,0.0000,0.0000,0.0000,0.0000,0.0000,0.0100,0.0000,0.0100,0.0100,1254400,1254400,"[1, 256, 35, 35]","[1, 256, 35, 35]",,10
reduction_a_b1_3x3,SGXConvBase,Reduction-A,0.0000,0.0000,0.0000,0.0000,0.0000,0.0000,4.3657,0.0552,4.3189,4.5198,443904,443904,"[1, 384, 17, 17]","[1, 384, 17, 17]",,10
reduction_a_b1_relu,SecretReLULayer,Reduction-A,0.0000,0.0000,0.0000,0.0000,0.0000,0.0000,0.0119,0.0002,0.0116,0.0124,443904,443904,"[1, 384, 17, 17]","[1, 384, 17, 17]",,10
reduction_a_b2_1x1,SGXConvBase,Reduction-A,0.0000,0.0000,0.0000,0.0000,0.0000,0.0000,4.4141,0.3062,3.8326,4.7920,940800,940800,"[1, 192, 35, 35]","[1, 192, 35, 35]",,10
reduction_a_b2_relu1,SecretReLULayer,Reduction-A,0.0000,0.0000,0.0000,0.0000,0.0000,0.0000,0.0325,0.0041,0.0289,0.0409,940800,940800,"[1, 192, 35, 35]","[1, 192, 35, 35]",,10
reduction_a_b2_3x3,SGXConvBase,Reduction-A,0.0000,0.0000,0.0000,0.0000,0.0000,0.0000,3.6575,0.0380,3.6069,3.7301,940800,940800,"[1, 192, 35, 35]","[1, 192, 35, 35]",,10
reduction_a_b2_relu2,SecretReLULayer,Reduction-A,0.0000,0.0000,0.0000,0.0000,0.0000,0.0000,0.0314,0.0016,0.0299,0.0352,940800,940800,"[1, 192, 35, 35]","[1, 192, 35, 35]",,10
reduction_a_b2_3x3_stride2,SGXConvBase,Reduction-A,0.0000,0.0000,0.0000,0.0000,0.0000,0.0000,6.8830,3.2966,5.1084,15.1610,443904,443904,"[1, 384, 17, 17]","[1, 384, 17, 17]",,10
reduction_a_b2_relu3,SecretReLULayer,Reduction-A,0.0000,0.0000,0.0000,0.0000,0.0000,0.0000,0.0190,0.0006,0.0182,0.0200,443904,443904,"[1, 384, 17, 17]","[1, 384, 17, 17]",,10
reduction_a_b3_pool,SecretMaxpool2dLayer,Reduction-A,0.0000,0.0000,0.0000,0.0000,0.0000,0.0000,2.1091,0.3066,1.8789,2.6592,295936,295936,"[1, 256, 17, 17]","[1, 256, 17, 17]",,10
reduction_a_concat,SecretConcatenateLayer,Reduction-A,0.0000,0.0000,0.0000,0.0000,0.0000,0.0000,0.0100,0.0000,0.0100,0.0100,887808,887808,"[1, 768, 17, 17]","[1, 768, 17, 17]",,10
inception_b1_b1_1x1,SGXConvBase,Inception-B1,0.0000,0.0000,0.0000,0.0000,0.0000,0.0000,1.1666,0.0132,1.1485,1.1949,221952,221952,"[1, 192, 17, 17]","[1, 192, 17, 17]",,10
inception_b1_b1_relu,SecretReLULayer,Inception-B1,0.0000,0.0000,0.0000,0.0000,0.0000,0.0000,0.0102,0.0025,0.0086,0.0151,221952,221952,"[1, 192, 17, 17]","[1, 192, 17, 17]",,10
inception_b1_b2_1x1,SGXConvBase,Inception-B1,0.0000,0.0000,0.0000,0.0000,0.0000,0.0000,0.5601,0.0122,0.5429,0.5813,147968,147968,"[1, 128, 17, 17]","[1, 128, 17, 17]",,10
inception_b1_b2_relu1,SecretReLULayer,Inception-B1,0.0000,0.0000,0.0000,0.0000,0.0000,0.0000,0.0108,0.0019,0.0097,0.0146,147968,147968,"[1, 128, 17, 17]","[1, 128, 17, 17]",,10
inception_b1_b2_3x3,SGXConvBase,Inception-B1,0.0000,0.0000,0.0000,0.0000,0.0000,0.0000,1.1954,0.0428,1.1615,1.3048,221952,221952,"[1, 192, 17, 17]","[1, 192, 17, 17]",,10
inception_b1_b2_relu2,SecretReLULayer,Inception-B1,0.0000,0.0000,0.0000,0.0000,0.0000,0.0000,0.0184,0.0001,0.0182,0.0187,221952,221952,"[1, 192, 17, 17]","[1, 192, 17, 17]",,10
inception_b1_b3_1x1,SGXConvBase,Inception-B1,0.0000,0.0000,0.0000,0.0000,0.0000,0.0000,0.5624,0.0109,0.5460,0.5817,147968,147968,"[1, 128, 17, 17]","[1, 128, 17, 17]",,10
inception_b1_b3_relu1,SecretReLULayer,Inception-B1,0.0000,0.0000,0.0000,0.0000,0.0000,0.0000,0.0101,0.0004,0.0098,0.0109,147968,147968,"[1, 128, 17, 17]","[1, 128, 17, 17]",,10
inception_b1_b3_3x3_1,SGXConvBase,Inception-B1,0.0000,0.0000,0.0000,0.0000,0.0000,0.0000,1.1699,0.0130,1.1541,1.1980,221952,221952,"[1, 192, 17, 17]","[1, 192, 17, 17]",,10
inception_b1_b3_relu2,SecretReLULayer,Inception-B1,0.0000,0.0000,0.0000,0.0000,0.0000,0.0000,0.0183,0.0002,0.0181,0.0187,221952,221952,"[1, 192, 17, 17]","[1, 192, 17, 17]",,10
inception_b1_b3_3x3_2,SGXConvBase,Inception-B1,0.0000,0.0000,0.0000,0.0000,0.0000,0.0000,1.1670,0.0088,1.1562,1.1862,221952,221952,"[1, 192, 17, 17]","[1, 192, 17, 17]",,10
inception_b1_b3_relu3,SecretReLULayer,Inception-B1,0.0000,0.0000,0.0000,0.0000,0.0000,0.0000,0.0190,0.0018,0.0182,0.0243,221952,221952,"[1, 192, 17, 17]","[1, 192, 17, 17]",,10
inception_b1_b4_pool,SecretMaxpool2dLayer,Inception-B1,0.0000,0.0000,0.0000,0.0000,0.0000,0.0000,5.7206,0.0307,5.6613,5.7572,887808,887808,"[1, 768, 17, 17]","[1, 768, 17, 17]",,10
inception_b1_b4_1x1,SGXConvBase,Inception-B1,0.0000,0.0000,0.0000,0.0000,0.0000,0.0000,1.1611,0.0063,1.1498,1.1690,221952,221952,"[1, 192, 17, 17]","[1, 192, 17, 17]",,10
inception_b1_b4_relu,SecretReLULayer,Inception-B1,0.0000,0.0000,0.0000,0.0000,0.0000,0.0000,0.0184,0.0002,0.0182,0.0187,221952,221952,"[1, 192, 17, 17]","[1, 192, 17, 17]",,10
inception_b1_concat,SecretConcatenateLayer,Inception-B1,0.0000,0.0000,0.0000,0.0000,0.0000,0.0000,0.0100,0.0000,0.0100,0.0100,887808,887808,"[1, 768, 17, 17]","[1, 768, 17, 17]",,10
inception_b2_b1_1x1,SGXConvBase,Inception-B2,0.0000,0.0000,0.0000,0.0000,0.0000,0.0000,1.1578,0.0087,1.1496,1.1793,221952,221952,"[1, 192, 17, 17]","[1, 192, 17, 17]",,10
inception_b2_b1_relu,SecretReLULayer,Inception-B2,0.0000,0.0000,0.0000,0.0000,0.0000,0.0000,0.0183,0.0006,0.0180,0.0200,221952,221952,"[1, 192, 17, 17]","[1, 192, 17, 17]",,10
inception_b2_b2_1x1,SGXConvBase,Inception-B2,0.0000,0.0000,0.0000,0.0000,0.0000,0.0000,0.5621,0.0109,0.5407,0.5743,147968,147968,"[1, 128, 17, 17]","[1, 128, 17, 17]",,10
inception_b2_b2_relu1,SecretReLULayer,Inception-B2,0.0000,0.0000,0.0000,0.0000,0.0000,0.0000,0.0098,0.0002,0.0096,0.0102,147968,147968,"[1, 128, 17, 17]","[1, 128, 17, 17]",,10
inception_b2_b2_3x3,SGXConvBase,Inception-B2,0.0000,0.0000,0.0000,0.0000,0.0000,0.0000,1.1711,0.0106,1.1531,1.1902,221952,221952,"[1, 192, 17, 17]","[1, 192, 17, 17]",,10
inception_b2_b2_relu2,SecretReLULayer,Inception-B2,0.0000,0.0000,0.0000,0.0000,0.0000,0.0000,0.0167,0.0029,0.0102,0.0207,221952,221952,"[1, 192, 17, 17]","[1, 192, 17, 17]",,10
inception_b2_b3_1x1,SGXConvBase,Inception-B2,0.0000,0.0000,0.0000,0.0000,0.0000,0.0000,0.5602,0.0092,0.5432,0.5737,147968,147968,"[1, 128, 17, 17]","[1, 128, 17, 17]",,10
inception_b2_b3_relu1,SecretReLULayer,Inception-B2,0.0000,0.0000,0.0000,0.0000,0.0000,0.0000,0.0096,0.0001,0.0095,0.0098,147968,147968,"[1, 128, 17, 17]","[1, 128, 17, 17]",,10
inception_b2_b3_3x3_1,SGXConvBase,Inception-B2,0.0000,0.0000,0.0000,0.0000,0.0000,0.0000,1.3601,0.0930,1.1642,1.4536,221952,221952,"[1, 192, 17, 17]","[1, 192, 17, 17]",,10
inception_b2_b3_relu2,SecretReLULayer,Inception-B2,0.0000,0.0000,0.0000,0.0000,0.0000,0.0000,0.0120,0.0010,0.0111,0.0140,221952,221952,"[1, 192, 17, 17]","[1, 192, 17, 17]",,10
inception_b2_b3_3x3_2,SGXConvBase,Inception-B2,0.0000,0.0000,0.0000,0.0000,0.0000,0.0000,1.4464,0.0637,1.3498,1.5622,221952,221952,"[1, 192, 17, 17]","[1, 192, 17, 17]",,10
inception_b2_b3_relu3,SecretReLULayer,Inception-B2,0.0000,0.0000,0.0000,0.0000,0.0000,0.0000,0.0117,0.0010,0.0101,0.0131,221952,221952,"[1, 192, 17, 17]","[1, 192, 17, 17]",,10
inception_b2_b4_pool,SecretMaxpool2dLayer,Inception-B2,0.0000,0.0000,0.0000,0.0000,0.0000,0.0000,6.9468,0.2996,6.2025,7.4375,887808,887808,"[1, 768, 17, 17]","[1, 768, 17, 17]",,10
inception_b2_b4_1x1,SGXConvBase,Inception-B2,0.0000,0.0000,0.0000,0.0000,0.0000,0.0000,1.4187,0.0193,1.3815,1.4438,221952,221952,"[1, 192, 17, 17]","[1, 192, 17, 17]",,10
inception_b2_b4_relu,SecretReLULayer,Inception-B2,0.0000,0.0000,0.0000,0.0000,0.0000,0.0000,0.0140,0.0007,0.0130,0.0156,221952,221952,"[1, 192, 17, 17]","[1, 192, 17, 17]",,10
inception_b2_concat,SecretConcatenateLayer,Inception-B2,0.0000,0.0000,0.0000,0.0000,0.0000,0.0000,0.0100,0.0000,0.0100,0.0100,887808,887808,"[1, 768, 17, 17]","[1, 768, 17, 17]",,10
inception_b3_b1_1x1,SGXConvBase,Inception-B3,0.0000,0.0000,0.0000,0.0000,0.0000,0.0000,1.4222,0.0416,1.3447,1.5021,221952,221952,"[1, 192, 17, 17]","[1, 192, 17, 17]",,10
inception_b3_b1_relu,SecretReLULayer,Inception-B3,0.0000,0.0000,0.0000,0.0000,0.0000,0.0000,0.0141,0.0006,0.0134,0.0150,221952,221952,"[1, 192, 17, 17]","[1, 192, 17, 17]",,10
inception_b3_b2_1x1,SGXConvBase,Inception-B3,0.0000,0.0000,0.0000,0.0000,0.0000,0.0000,0.7146,0.0144,0.6856,0.7368,147968,147968,"[1, 128, 17, 17]","[1, 128, 17, 17]",,10
inception_b3_b2_relu1,SecretReLULayer,Inception-B3,0.0000,0.0000,0.0000,0.0000,0.0000,0.0000,0.0125,0.0007,0.0118,0.0141,147968,147968,"[1, 128, 17, 17]","[1, 128, 17, 17]",,10
inception_b3_b2_3x3,SGXConvBase,Inception-B3,0.0000,0.0000,0.0000,0.0000,0.0000,0.0000,1.4204,0.0249,1.3718,1.4594,221952,221952,"[1, 192, 17, 17]","[1, 192, 17, 17]",,10
inception_b3_b2_relu2,SecretReLULayer,Inception-B3,0.0000,0.0000,0.0000,0.0000,0.0000,0.0000,0.0154,0.0040,0.0102,0.0237,221952,221952,"[1, 192, 17, 17]","[1, 192, 17, 17]",,10
inception_b3_b3_1x1,SGXConvBase,Inception-B3,0.0000,0.0000,0.0000,0.0000,0.0000,0.0000,0.6668,0.0225,0.6003,0.6799,147968,147968,"[1, 128, 17, 17]","[1, 128, 17, 17]",,10
inception_b3_b3_relu1,SecretReLULayer,Inception-B3,0.0000,0.0000,0.0000,0.0000,0.0000,0.0000,0.0144,0.0057,0.0098,0.0279,147968,147968,"[1, 128, 17, 17]","[1, 128, 17, 17]",,10
inception_b3_b3_3x3_1,SGXConvBase,Inception-B3,0.0000,0.0000,0.0000,0.0000,0.0000,0.0000,1.3571,0.0996,1.2171,1.4843,221952,221952,"[1, 192, 17, 17]","[1, 192, 17, 17]",,10
inception_b3_b3_relu2,SecretReLULayer,Inception-B3,0.0000,0.0000,0.0000,0.0000,0.0000,0.0000,0.0162,0.0027,0.0138,0.0215,221952,221952,"[1, 192, 17, 17]","[1, 192, 17, 17]",,10
inception_b3_b3_3x3_2,SGXConvBase,Inception-B3,0.0000,0.0000,0.0000,0.0000,0.0000,0.0000,1.1775,0.0071,1.1652,1.1892,221952,221952,"[1, 192, 17, 17]","[1, 192, 17, 17]",,10
inception_b3_b3_relu3,SecretReLULayer,Inception-B3,0.0000,0.0000,0.0000,0.0000,0.0000,0.0000,0.0183,0.0002,0.0181,0.0187,221952,221952,"[1, 192, 17, 17]","[1, 192, 17, 17]",,10
inception_b3_b4_pool,SecretMaxpool2dLayer,Inception-B3,0.0000,0.0000,0.0000,0.0000,0.0000,0.0000,5.6911,0.0297,5.6483,5.7612,887808,887808,"[1, 768, 17, 17]","[1, 768, 17, 17]",,10
inception_b3_b4_1x1,SGXConvBase,Inception-B3,0.0000,0.0000,0.0000,0.0000,0.0000,0.0000,1.1675,0.0079,1.1593,1.1834,221952,221952,"[1, 192, 17, 17]","[1, 192, 17, 17]",,10
inception_b3_b4_relu,SecretReLULayer,Inception-B3,0.0000,0.0000,0.0000,0.0000,0.0000,0.0000,0.0184,0.0001,0.0182,0.0187,221952,221952,"[1, 192, 17, 17]","[1, 192, 17, 17]",,10
inception_b3_concat,SecretConcatenateLayer,Inception-B3,0.0000,0.0000,0.0000,0.0000,0.0000,0.0000,0.0100,0.0000,0.0100,0.0100,887808,887808,"[1, 768, 17, 17]","[1, 768, 17, 17]",,10
inception_b4_b1_1x1,SGXConvBase,Inception-B4,0.0000,0.0000,0.0000,0.0000,0.0000,0.0000,1.1687,0.0081,1.1547,1.1824,221952,221952,"[1, 192, 17, 17]","[1, 192, 17, 17]",,10
inception_b4_b1_relu,SecretReLULayer,Inception-B4,0.0000,0.0000,0.0000,0.0000,0.0000,0.0000,0.0184,0.0004,0.0181,0.0195,221952,221952,"[1, 192, 17, 17]","[1, 192, 17, 17]",,10
inception_b4_b2_1x1,SGXConvBase,Inception-B4,0.0000,0.0000,0.0000,0.0000,0.0000,0.0000,0.5590,0.0068,0.5481,0.5670,147968,147968,"[1, 128, 17, 17]","[1, 128, 17, 17]",,10
inception_b4_b2_relu1,SecretReLULayer,Inception-B4,0.0000,0.0000,0.0000,0.0000,0.0000,0.0000,0.0108,0.0030,0.0097,0.0198,147968,147968,"[1, 128, 17, 17]","[1, 128, 17, 17]",,10
inception_b4_b2_3x3,SGXConvBase,Inception-B4,0.0000,0.0000,0.0000,0.0000,0.0000,0.0000,1.1671,0.0098,1.1497,1.1830,221952,221952,"[1, 192, 17, 17]","[1, 192, 17, 17]",,10
inception_b4_b2_relu2,SecretReLULayer,Inception-B4,0.0000,0.0000,0.0000,0.0000,0.0000,0.0000,0.0191,0.0010,0.0182,0.0211,221952,221952,"[1, 192, 17, 17]","[1, 192, 17, 17]",,10
inception_b4_b3_1x1,SGXConvBase,Inception-B4,0.0000,0.0000,0.0000,0.0000,0.0000,0.0000,0.5662,0.0196,0.5494,0.6189,147968,147968,"[1, 128, 17, 17]","[1, 128, 17, 17]",,10
inception_b4_b3_relu1,SecretReLULayer,Inception-B4,0.0000,0.0000,0.0000,0.0000,0.0000,0.0000,0.0096,0.0001,0.0095,0.0099,147968,147968,"[1, 128, 17, 17]","[1, 128, 17, 17]",,10
inception_b4_b3_3x3_1,SGXConvBase,Inception-B4,0.0000,0.0000,0.0000,0.0000,0.0000,0.0000,1.1917,0.0572,1.1549,1.3393,221952,221952,"[1, 192, 17, 17]","[1, 192, 17, 17]",,10
inception_b4_b3_relu2,SecretReLULayer,Inception-B4,0.0000,0.0000,0.0000,0.0000,0.0000,0.0000,0.0181,0.0002,0.0178,0.0186,221952,221952,"[1, 192, 17, 17]","[1, 192, 17, 17]",,10
inception_b4_b3_3x3_2,SGXConvBase,Inception-B4,0.0000,0.0000,0.0000,0.0000,0.0000,0.0000,1.1955,0.0523,1.1590,1.3226,221952,221952,"[1, 192, 17, 17]","[1, 192, 17, 17]",,10
inception_b4_b3_relu3,SecretReLULayer,Inception-B4,0.0000,0.0000,0.0000,0.0000,0.0000,0.0000,0.0207,0.0033,0.0183,0.0277,221952,221952,"[1, 192, 17, 17]","[1, 192, 17, 17]",,10
inception_b4_b4_pool,SecretMaxpool2dLayer,Inception-B4,0.0000,0.0000,0.0000,0.0000,0.0000,0.0000,5.7157,0.0205,5.6826,5.7476,887808,887808,"[1, 768, 17, 17]","[1, 768, 17, 17]",,10
inception_b4_b4_1x1,SGXConvBase,Inception-B4,0.0000,0.0000,0.0000,0.0000,0.0000,0.0000,1.1731,0.0147,1.1532,1.2055,221952,221952,"[1, 192, 17, 17]","[1, 192, 17, 17]",,10
inception_b4_b4_relu,SecretReLULayer,Inception-B4,0.0000,0.0000,0.0000,0.0000,0.0000,0.0000,0.0184,0.0002,0.0183,0.0190,221952,221952,"[1, 192, 17, 17]","[1, 192, 17, 17]",,10
inception_b4_concat,SecretConcatenateLayer,Inception-B4,0.0000,0.0000,0.0000,0.0000,0.0000,0.0000,0.0100,0.0000,0.0100,0.0100,887808,887808,"[1, 768, 17, 17]","[1, 768, 17, 17]",,10
reduction_b_b1_3x3,SGXConvBase,Reduction-B,0.0000,0.0000,0.0000,0.0000,0.0000,0.0000,0.4994,0.0077,0.4852,0.5090,49152,49152,"[1, 192, 8, 8]","[1, 192, 8, 8]",,10
reduction_b_b1_relu,SecretReLULayer,Reduction-B,0.0000,0.0000,0.0000,0.0000,0.0000,0.0000,0.0074,0.0002,0.0072,0.0078,49152,49152,"[1, 192, 8, 8]","[1, 192, 8, 8]",,10
reduction_b_b2_1x1,SGXConvBase,Reduction-B,0.0000,0.0000,0.0000,0.0000,0.0000,0.0000,1.1635,0.0077,1.1527,1.1811,221952,221952,"[1, 192, 17, 17]","[1, 192, 17, 17]",,10
reduction_b_b2_relu1,SecretReLULayer,Reduction-B,0.0000,0.0000,0.0000,0.0000,0.0000,0.0000,0.0191,0.0023,0.0179,0.0258,221952,221952,"[1, 192, 17, 17]","[1, 192, 17, 17]",,10
reduction_b_b2_3x3,SGXConvBase,Reduction-B,0.0000,0.0000,0.0000,0.0000,0.0000,0.0000,1.1650,0.0075,1.1550,1.1796,221952,221952,"[1, 192, 17, 17]","[1, 192, 17, 17]",,10
reduction_b_b2_relu2,SecretReLULayer,Reduction-B,0.0000,0.0000,0.0000,0.0000,0.0000,0.0000,0.0108,0.0002,0.0106,0.0114,221952,221952,"[1, 192, 17, 17]","[1, 192, 17, 17]",,10
reduction_b_b2_3x3_stride2,SGXConvBase,Reduction-B,0.0000,0.0000,0.0000,0.0000,0.0000,0.0000,1.1684,0.0067,1.1588,1.1825,81920,81920,"[1, 320, 8, 8]","[1, 320, 8, 8]",,10
reduction_b_b2_relu3,SecretReLULayer,Reduction-B,0.0000,0.0000,0.0000,0.0000,0.0000,0.0000,0.0086,0.0002,0.0084,0.0091,81920,81920,"[1, 320, 8, 8]","[1, 320, 8, 8]",,10
reduction_b_b3_pool,SecretMaxpool2dLayer,Reduction-B,0.0000,0.0000,0.0000,0.0000,0.0000,0.0000,1.2816,0.0162,1.2577,1.3058,196608,196608,"[1, 768, 8, 8]","[1, 768, 8, 8]",,10
reduction_b_concat,SecretConcatenateLayer,Reduction-B,0.0000,0.0000,0.0000,0.0000,0.0000,0.0000,0.0100,0.0000,0.0100,0.0100,327680,327680,"[1, 1280, 8, 8]","[1, 1280, 8, 8]",,10
inception_c1_b1_1x1,SGXConvBase,Inception-C1,0.0000,0.0000,0.0000,0.0000,0.0000,0.0000,1.1783,0.0111,1.1608,1.2015,81920,81920,"[1, 320, 8, 8]","[1, 320, 8, 8]",,10
inception_c1_b1_relu,SecretReLULayer,Inception-C1,0.0000,0.0000,0.0000,0.0000,0.0000,0.0000,0.0086,0.0002,0.0084,0.0090,81920,81920,"[1, 320, 8, 8]","[1, 320, 8, 8]",,10
inception_c1_b2_1x1,SGXConvBase,Inception-C1,0.0000,0.0000,0.0000,0.0000,0.0000,0.0000,1.2277,0.0146,1.2108,1.2601,98304,98304,"[1, 384, 8, 8]","[1, 384, 8, 8]",,10
inception_c1_b2_relu1,SecretReLULayer,Inception-C1,0.0000,0.0000,0.0000,0.0000,0.0000,0.0000,0.0093,0.0007,0.0090,0.0115,98304,98304,"[1, 384, 8, 8]","[1, 384, 8, 8]",,10
inception_c1_b2_3x3,SGXConvBase,Inception-C1,0.0000,0.0000,0.0000,0.0000,0.0000,0.0000,1.2286,0.0102,1.2172,1.2458,98304,98304,"[1, 384, 8, 8]","[1, 384, 8, 8]",,10
inception_c1_b2_relu2,SecretReLULayer,Inception-C1,0.0000,0.0000,0.0000,0.0000,0.0000,0.0000,0.0103,0.0001,0.0101,0.0107,98304,98304,"[1, 384, 8, 8]","[1, 384, 8, 8]",,10
inception_c1_b3_1x1,SGXConvBase,Inception-C1,0.0000,0.0000,0.0000,0.0000,0.0000,0.0000,1.6339,0.0146,1.6108,1.6627,114688,114688,"[1, 448, 8, 8]","[1, 448, 8, 8]",,10
inception_c1_b3_relu1,SecretReLULayer,Inception-C1,0.0000,0.0000,0.0000,0.0000,0.0000,0.0000,0.0103,0.0002,0.0101,0.0107,114688,114688,"[1, 448, 8, 8]","[1, 448, 8, 8]",,10
inception_c1_b3_3x3_1,SGXConvBase,Inception-C1,0.0000,0.0000,0.0000,0.0000,0.0000,0.0000,1.2466,0.0249,1.2128,1.2944,98304,98304,"[1, 384, 8, 8]","[1, 384, 8, 8]",,10
inception_c1_b3_relu2,SecretReLULayer,Inception-C1,0.0000,0.0000,0.0000,0.0000,0.0000,0.0000,0.0091,0.0002,0.0090,0.0096,98304,98304,"[1, 384, 8, 8]","[1, 384, 8, 8]",,10
inception_c1_b3_3x3_2,SGXConvBase,Inception-C1,0.0000,0.0000,0.0000,0.0000,0.0000,0.0000,1.2293,0.0107,1.2148,1.2479,98304,98304,"[1, 384, 8, 8]","[1, 384, 8, 8]",,10
inception_c1_b3_relu3,SecretReLULayer,Inception-C1,0.0000,0.0000,0.0000,0.0000,0.0000,0.0000,0.0095,0.0010,0.0090,0.0124,98304,98304,"[1, 384, 8, 8]","[1, 384, 8, 8]",,10
inception_c1_b4_pool,SecretMaxpool2dLayer,Inception-C1,0.0000,0.0000,0.0000,0.0000,0.0000,0.0000,2.1146,0.0155,2.0930,2.1364,327680,327680,"[1, 1280, 8, 8]","[1, 1280, 8, 8]",,10
inception_c1_b4_1x1,SGXConvBase,Inception-C1,0.0000,0.0000,0.0000,0.0000,0.0000,0.0000,0.5016,0.0120,0.4878,0.5194,49152,49152,"[1, 192, 8, 8]","[1, 192, 8, 8]",,10
inception_c1_b4_relu,SecretReLULayer,Inception-C1,0.0000,0.0000,0.0000,0.0000,0.0000,0.0000,0.0079,0.0002,0.0077,0.0083,49152,49152,"[1, 192, 8, 8]","[1, 192, 8, 8]",,10
inception_c1_concat,SecretConcatenateLayer,Inception-C1,0.0000,0.0000,0.0000,0.0000,0.0000,0.0000,0.0100,0.0000,0.0100,0.0100,524288,524288,"[1, 2048, 8, 8]","[1, 2048, 8, 8]",,10
inception_c2_b1_1x1,SGXConvBase,Inception-C2,0.0000,0.0000,0.0000,0.0000,0.0000,0.0000,1.1669,0.0079,1.1568,1.1830,81920,81920,"[1, 320, 8, 8]","[1, 320, 8, 8]",,10
inception_c2_b1_relu,SecretReLULayer,Inception-C2,0.0000,0.0000,0.0000,0.0000,0.0000,0.0000,0.0090,0.0002,0.0088,0.0094,81920,81920,"[1, 320, 8, 8]","[1, 320, 8, 8]",,10
inception_c2_b2_1x1,SGXConvBase,Inception-C2,0.0000,0.0000,0.0000,0.0000,0.0000,0.0000,1.2302,0.0119,1.2088,1.2470,98304,98304,"[1, 384, 8, 8]","[1, 384, 8, 8]",,10
inception_c2_b2_relu1,SecretReLULayer,Inception-C2,0.0000,0.0000,0.0000,0.0000,0.0000,0.0000,0.0098,0.0016,0.0090,0.0145,98304,98304,"[1, 384, 8, 8]","[1, 384, 8, 8]",,10
inception_c2_b2_3x3,SGXConvBase,Inception-C2,0.0000,0.0000,0.0000,0.0000,0.0000,0.0000,1.2297,0.0117,1.2131,1.2514,98304,98304,"[1, 384, 8, 8]","[1, 384, 8, 8]",,10
inception_c2_b2_relu2,SecretReLULayer,Inception-C2,0.0000,0.0000,0.0000,0.0000,0.0000,0.0000,0.0091,0.0001,0.0090,0.0093,98304,98304,"[1, 384, 8, 8]","[1, 384, 8, 8]",,10
inception_c2_b3_1x1,SGXConvBase,Inception-C2,0.0000,0.0000,0.0000,0.0000,0.0000,0.0000,1.6349,0.0165,1.6157,1.6656,114688,114688,"[1, 448, 8, 8]","[1, 448, 8, 8]",,10
inception_c2_b3_relu1,SecretReLULayer,Inception-C2,0.0000,0.0000,0.0000,0.0000,0.0000,0.0000,0.0100,0.0004,0.0097,0.0113,114688,114688,"[1, 448, 8, 8]","[1, 448, 8, 8]",,10
inception_c2_b3_3x3_1,SGXConvBase,Inception-C2,0.0000,0.0000,0.0000,0.0000,0.0000,0.0000,1.2314,0.0129,1.2145,1.2531,98304,98304,"[1, 384, 8, 8]","[1, 384, 8, 8]",,10
inception_c2_b3_relu2,SecretReLULayer,Inception-C2,0.0000,0.0000,0.0000,0.0000,0.0000,0.0000,0.0091,0.0001,0.0090,0.0094,98304,98304,"[1, 384, 8, 8]","[1, 384, 8, 8]",,10
inception_c2_b3_3x3_2,SGXConvBase,Inception-C2,0.0000,0.0000,0.0000,0.0000,0.0000,0.0000,1.2248,0.0070,1.2168,1.2384,98304,98304,"[1, 384, 8, 8]","[1, 384, 8, 8]",,10
inception_c2_b3_relu3,SecretReLULayer,Inception-C2,0.0000,0.0000,0.0000,0.0000,0.0000,0.0000,0.0103,0.0032,0.0092,0.0198,98304,98304,"[1, 384, 8, 8]","[1, 384, 8, 8]",,10
inception_c2_b4_pool,SecretMaxpool2dLayer,Inception-C2,0.0000,0.0000,0.0000,0.0000,0.0000,0.0000,2.1322,0.0194,2.1010,2.1623,327680,327680,"[1, 1280, 8, 8]","[1, 1280, 8, 8]",,10
inception_c2_b4_1x1,SGXConvBase,Inception-C2,0.0000,0.0000,0.0000,0.0000,0.0000,0.0000,0.5016,0.0121,0.4883,0.5256,49152,49152,"[1, 192, 8, 8]","[1, 192, 8, 8]",,10
inception_c2_b4_relu,SecretReLULayer,Inception-C2,0.0000,0.0000,0.0000,0.0000,0.0000,0.0000,0.0083,0.0030,0.0072,0.0172,49152,49152,"[1, 192, 8, 8]","[1, 192, 8, 8]",,10
inception_c2_concat,SecretConcatenateLayer,Inception-C2,0.0000,0.0000,0.0000,0.0000,0.0000,0.0000,0.0100,0.0000,0.0100,0.0100,524288,524288,"[1, 2048, 8, 8]","[1, 2048, 8, 8]",,10
avgpool,SecretAvgpool2dLayer,Classifier,0.0000,0.0000,0.0000,0.0000,0.0000,0.0000,0.0176,0.0004,0.0174,0.0187,8192,8192,"[1, 2048, 1, 1]","[1, 2048, 1, 1]",,10
flatten,SecretFlattenLayer,Classifier,0.0000,0.0000,0.0000,0.0000,0.0000,0.0000,0.0037,0.0002,0.0036,0.0042,8192,8192,"[1, 2048]","[1, 2048]",,10
fc,SGXLinearBase,Classifier,0.0000,0.0000,0.0000,0.0000,0.0000,0.0000,0.1713,0.0037,0.1678,0.1795,4000,4000,"[1, 1000]","[1, 1000]",,10
output,SecretOutputLayer,Classifier,0.0000,0.0000,0.0000,0.0000,0.0000,0.0000,0.0100,0.0000,0.0100,0.0100,4000,4000,"[1, 1000]","[1, 1000]",,10
