LayerName,Type,Group,EnclaveTime_mean,EnclaveTime_std,EnclaveTime_min,EnclaveTime_max,EnclaveTime_p95,EnclaveTime_p99,CPUTime_mean,CPUTime_std,CPUTime_min,CPUTime_max,InputBytes,OutputBytes,InputShape,OutputShape,Dependencies,NumIterations,CPU_Memory_Bytes,TEE_Memory_Bytes,TEE_Encryption_Overhead,TEE_Total_Memory_Bytes,Weight_Bytes,Bias_Bytes,Activation_Bytes,Num_Chunks,Chunk_Metadata_Bytes
input,SecretInputLayer,Stem-Part1,0.0013,0.0002,0.001,0.0016,0.0016,0.0016,0.01,0,0.01,0.01,1072812,1072812,[],"[1, 3, 299, 299]",,10,1072812,1072812,60,1072872,0,0,1072812,1,60
stem_conv1,SGXConvBase,Stem-Part1,42.8556,0.5907,42.4521,44.5853,43.818,44.4319,2.5306,0.2214,2.3739,3.1804,2841728,2841728,"[1, 3, 299, 299]","[1, 32, 149, 149]",input,10,3918124,3918124,60,3918184,3456,128,3914540,1,60
stem_relu1,SecretReLULayer,Stem-Part1,1.6777,0.038,1.6113,1.7293,1.7283,1.7291,0.1094,0.0044,0.106,0.1216,2841728,2841728,"[1, 32, 149, 149]","[1, 32, 149, 149]",stem_conv1,10,5683456,5683456,60,5683516,0,0,5683456,1,60
stem_conv2,SGXConvBase,Stem-Part1,56.3204,2.4006,54.4951,61.7265,61.0881,61.5988,3.2084,0.1063,3.068,3.358,2765952,2765952,"[1, 32, 149, 149]","[1, 32, 147, 147]",stem_relu1,10,5644672,5644672,60,5644732,36864,128,5607680,1,60
stem_relu2,SecretReLULayer,Stem-Part1,1.9733,0.9462,1.6155,4.8101,3.4298,4.534,0.1042,0.0052,0.1013,0.1193,2765952,2765952,"[1, 32, 147, 147]","[1, 32, 147, 147]",stem_conv2,10,5531904,5531904,60,5531964,0,0,5531904,1,60
stem_conv3,SGXConvBase,Stem-Part2,113.7894,1.9043,112.3389,118.7054,117.3161,118.4276,10.6088,0.5864,10.2444,11.9308,5531904,5531904,"[1, 32, 147, 147]","[1, 64, 147, 147]",stem_relu2,10,8371840,8371840,120,8371960,73728,256,8297856,2,60
stem_relu3,SecretReLULayer,Stem-Part2,3.3266,0.0888,3.2017,3.5191,3.4653,3.5084,0.2031,0.0048,0.1972,0.2124,5531904,5531904,"[1, 64, 147, 147]","[1, 64, 147, 147]",stem_conv3,10,11063808,11063808,120,11063928,0,0,11063808,2,60
stem_pool1,SecretMaxpool2dLayer,Stem-Part2,8.9677,0.1089,8.8273,9.1353,9.128,9.1338,8.6161,0.0229,8.5877,8.6558,1364224,1364224,"[1, 64, 147, 147]","[1, 64, 73, 73]",stem_relu3,10,6896128,6896128,120,6896248,0,0,6896128,2,60
stem_conv4,SGXConvBase,Stem-Part3,26.795,0.327,26.3931,27.6191,27.3315,27.5616,3.6894,0.0464,3.6494,3.8095,1705280,1705280,"[1, 64, 73, 73]","[1, 80, 73, 73]",stem_pool1,10,3090304,3090304,720,3091024,20480,320,3069504,12,60
stem_relu4,SecretReLULayer,Stem-Part3,1.0729,0.0217,1.0386,1.1102,1.102,1.1086,0.0619,0.0041,0.0596,0.0739,1705280,1705280,"[1, 80, 73, 73]","[1, 80, 73, 73]",stem_conv4,10,3410560,3410560,780,3411340,0,0,3410560,13,60
stem_conv5,SGXConvBase,Stem-Part3,112.2655,1.8982,110.4393,116.2731,115.9187,116.2022,11.4268,0.0694,11.3514,11.5547,3871488,3871488,"[1, 80, 73, 73]","[1, 192, 71, 71]",stem_relu4,10,6130496,6130496,1320,6131816,552960,768,5576768,22,60
stem_relu5,SecretReLULayer,Stem-Part3,2.3453,0.1912,2.2373,2.8996,2.6829,2.8562,0.1449,0.0057,0.14,0.1564,3871488,3871488,"[1, 192, 71, 71]","[1, 192, 71, 71]",stem_conv5,10,7742976,7742976,1680,7744656,0,0,7742976,28,60
stem_pool2,SecretMaxpool2dLayer,Stem-Part4,0.1226,0.0128,0.0985,0.1374,0.1369,0.1373,5.9674,0.0356,5.9299,6.046,940800,940800,"[1, 192, 71, 71]","[1, 192, 35, 35]",stem_relu5,10,4812288,4812288,240,4812528,0,0,4812288,4,60
inception_a1_b1_1x1,SGXConvBase,Inception-A1,13.7583,0.4116,13.5347,14.962,14.4516,14.8599,0.6204,0.0126,0.6024,0.6387,313600,313600,"[1, 192, 35, 35]","[1, 64, 35, 35]",stem_pool2,10,1303808,1303808,120,1303928,49152,256,1254400,2,60
inception_a1_b1_relu,SecretReLULayer,Inception-A1,0.3161,0.0206,0.2909,0.3702,0.35,0.3662,0.0101,0.0007,0.0098,0.012,313600,313600,"[1, 64, 35, 35]","[1, 64, 35, 35]",inception_a1_b1_1x1,10,627200,627200,60,627260,0,0,627200,1,60
inception_a1_b2_1x1,SGXConvBase,Inception-A1,14.0064,1.2819,13.2643,17.5529,16.4208,17.3265,0.6123,0.0092,0.599,0.6299,313600,313600,"[1, 192, 35, 35]","[1, 64, 35, 35]",stem_pool2,10,1303808,1303808,120,1303928,49152,256,1254400,2,60
inception_a1_b2_relu1,SecretReLULayer,Inception-A1,0.3081,0.0394,0.2742,0.4087,0.3808,0.4031,0.0105,0.0014,0.01,0.0146,313600,313600,"[1, 64, 35, 35]","[1, 64, 35, 35]",inception_a1_b2_1x1,10,627200,627200,60,627260,0,0,627200,1,60
inception_a1_b2_3x3,SGXConvBase,Inception-A1,17.2299,1.484,16.5132,21.6526,19.6131,21.2447,1.2626,0.0095,1.2506,1.275,470400,470400,"[1, 64, 35, 35]","[1, 96, 35, 35]",inception_a1_b2_relu1,10,1005568,1005568,120,1005688,221184,384,784000,2,60
inception_a1_b2_relu2,SecretReLULayer,Inception-A1,0.3952,0.0296,0.3613,0.475,0.4436,0.4687,0.0122,0.0002,0.012,0.0127,470400,470400,"[1, 96, 35, 35]","[1, 96, 35, 35]",inception_a1_b2_3x3,10,940800,940800,60,940860,0,0,940800,1,60
inception_a1_b3_1x1,SGXConvBase,Inception-A1,5.2596,0.9059,4.9033,7.9762,6.6373,7.7084,0.3887,0.0103,0.3773,0.4048,235200,235200,"[1, 192, 35, 35]","[1, 48, 35, 35]",stem_pool2,10,1213056,1213056,120,1213176,36864,192,1176000,2,60
inception_a1_b3_relu1,SecretReLULayer,Inception-A1,0.2717,0.0179,0.2406,0.305,0.2986,0.3037,0.019,0.0002,0.0188,0.0193,235200,235200,"[1, 48, 35, 35]","[1, 48, 35, 35]",inception_a1_b3_1x1,10,470400,470400,60,470460,0,0,470400,1,60
inception_a1_b3_3x3_1,SGXConvBase,Inception-A1,2.8397,0.5309,2.5764,4.4101,3.7319,4.2744,0.6105,0.0091,0.597,0.6241,313600,313600,"[1, 48, 35, 35]","[1, 64, 35, 35]",inception_a1_b3_relu1,10,659648,659648,60,659708,110592,256,548800,1,60
inception_a1_b3_relu2,SecretReLULayer,Inception-A1,0.3039,0.0329,0.2581,0.379,0.3556,0.3743,0.01,0.0004,0.0096,0.0112,313600,313600,"[1, 64, 35, 35]","[1, 64, 35, 35]",inception_a1_b3_3x3_1,10,627200,627200,60,627260,0,0,627200,1,60
inception_a1_b3_3x3_2,SGXConvBase,Inception-A1,10.0627,0.6668,9.6084,11.6218,11.3907,11.5755,0.6111,0.0077,0.5976,0.6201,313600,313600,"[1, 64, 35, 35]","[1, 64, 35, 35]",inception_a1_b3_relu2,10,774912,774912,60,774972,147456,256,627200,1,60
inception_a1_b3_relu3,SecretReLULayer,Inception-A1,0.3114,0.0221,0.2765,0.3446,0.3443,0.3445,0.012,0.0032,0.01,0.0192,313600,313600,"[1, 64, 35, 35]","[1, 64, 35, 35]",inception_a1_b3_3x3_2,10,627200,627200,60,627260,0,0,627200,1,60
inception_a1_b4_pool,SecretMaxpool2dLayer,Inception-A1,0.1108,0.006,0.0987,0.1223,0.1196,0.1218,6.0174,0.0173,5.9834,6.0513,940800,940800,"[1, 192, 35, 35]","[1, 192, 35, 35]",stem_pool2,10,1881600,1881600,120,1881720,0,0,1881600,2,60
inception_a1_b4_1x1,SGXConvBase,Inception-A1,4.6632,0.4562,4.3373,5.6,5.567,5.5934,0.2086,0.0064,0.1994,0.2202,156800,156800,"[1, 192, 35, 35]","[1, 32, 35, 35]",inception_a1_b4_pool,10,1122304,1122304,120,1122424,24576,128,1097600,2,60
inception_a1_b4_relu,SecretReLULayer,Inception-A1,0.2107,0.0326,0.1708,0.2925,0.2689,0.2878,0.011,0.0021,0.0097,0.0152,156800,156800,"[1, 32, 35, 35]","[1, 32, 35, 35]",inception_a1_b4_1x1,10,313600,313600,60,313660,0,0,313600,1,60
inception_a1_concat,SecretConcatenateLayer,Inception-A1,0.2355,0.0149,0.2119,0.2601,0.2582,0.2597,0.01,0,0.01,0.01,1254400,1254400,[],"[1, 256, 35, 35]",inception_a1_b1_relu;inception_a1_b2_relu2;inception_a1_b3_relu3;inception_a1_b4_relu,10,1254400,1254400,120,1254520,0,0,1254400,2,60
inception_a2_b1_1x1,SGXConvBase,Inception-A2,14.3856,0.1204,14.1771,14.5493,14.536,14.5466,0.617,0.0112,0.6021,0.638,313600,313600,"[1, 256, 35, 35]","[1, 64, 35, 35]",inception_a1_concat,10,1633792,1633792,120,1633912,65536,256,1568000,2,60
inception_a2_b1_relu,SecretReLULayer,Inception-A2,0.2902,0.0214,0.2682,0.3406,0.3244,0.3374,0.0106,0.0021,0.0097,0.0169,313600,313600,"[1, 64, 35, 35]","[1, 64, 35, 35]",inception_a2_b1_1x1,10,627200,627200,60,627260,0,0,627200,1,60
inception_a2_b2_1x1,SGXConvBase,Inception-A2,15.3078,0.1813,15.0819,15.637,15.6288,15.6353,0.6146,0.0094,0.6019,0.6264,313600,313600,"[1, 256, 35, 35]","[1, 64, 35, 35]",inception_a1_concat,10,1633792,1633792,120,1633912,65536,256,1568000,2,60
inception_a2_b2_relu1,SecretReLULayer,Inception-A2,0.3013,0.023,0.2713,0.3383,0.3356,0.3377,0.0106,0.0015,0.0098,0.0151,313600,313600,"[1, 64, 35, 35]","[1, 64, 35, 35]",inception_a2_b2_1x1,10,627200,627200,60,627260,0,0,627200,1,60
inception_a2_b2_3x3,SGXConvBase,Inception-A2,16.6077,0.1353,16.4388,16.9192,16.8297,16.9013,1.2604,0.009,1.2483,1.2761,470400,470400,"[1, 64, 35, 35]","[1, 96, 35, 35]",inception_a2_b2_relu1,10,1005568,1005568,120,1005688,221184,384,784000,2,60
inception_a2_b2_relu2,SecretReLULayer,Inception-A2,0.3882,0.0209,0.366,0.4391,0.4239,0.436,0.0121,0.0001,0.012,0.0125,470400,470400,"[1, 96, 35, 35]","[1, 96, 35, 35]",inception_a2_b2_3x3,10,940800,940800,60,940860,0,0,940800,1,60
inception_a2_b3_1x1,SGXConvBase,Inception-A2,12.2447,0.2787,11.9989,12.872,12.777,12.853,0.3894,0.0115,0.3763,0.4166,235200,235200,"[1, 256, 35, 35]","[1, 48, 35, 35]",inception_a1_concat,10,1538944,1538944,120,1539064,49152,192,1489600,2,60
inception_a2_b3_relu1,SecretReLULayer,Inception-A2,0.2504,0.0209,0.2237,0.2904,0.2887,0.29,0.0203,0.003,0.0187,0.0279,235200,235200,"[1, 48, 35, 35]","[1, 48, 35, 35]",inception_a2_b3_1x1,10,470400,470400,60,470460,0,0,470400,1,60
inception_a2_b3_3x3_1,SGXConvBase,Inception-A2,7.5697,0.0422,7.5128,7.6517,7.6376,7.6489,0.6113,0.0095,0.5972,0.6221,313600,313600,"[1, 48, 35, 35]","[1, 64, 35, 35]",inception_a2_b3_relu1,10,659648,659648,60,659708,110592,256,548800,1,60
inception_a2_b3_relu2,SecretReLULayer,Inception-A2,0.2952,0.0201,0.2625,0.3261,0.3196,0.3248,0.01,0.0003,0.0098,0.0109,313600,313600,"[1, 64, 35, 35]","[1, 64, 35, 35]",inception_a2_b3_3x3_1,10,627200,627200,60,627260,0,0,627200,1,60
inception_a2_b3_3x3_2,SGXConvBase,Inception-A2,9.6837,0.0769,9.5292,9.8248,9.7901,9.8179,0.6102,0.0101,0.5953,0.6247,313600,313600,"[1, 64, 35, 35]","[1, 64, 35, 35]",inception_a2_b3_relu2,10,774912,774912,60,774972,147456,256,627200,1,60
inception_a2_b3_relu3,SecretReLULayer,Inception-A2,0.3048,0.0206,0.265,0.3422,0.3356,0.3409,0.0133,0.0043,0.0097,0.0189,313600,313600,"[1, 64, 35, 35]","[1, 64, 35, 35]",inception_a2_b3_3x3_2,10,627200,627200,60,627260,0,0,627200,1,60
inception_a2_b4_pool,SecretMaxpool2dLayer,Inception-A2,0.3898,0.0172,0.3598,0.4125,0.4116,0.4123,6.0062,0.0264,5.9691,6.0436,940800,940800,"[1, 256, 35, 35]","[1, 256, 35, 35]",inception_a1_concat,10,2508800,2508800,180,2508980,0,0,2508800,3,60
inception_a2_b4_1x1,SGXConvBase,Inception-A2,5.6251,0.0692,5.5428,5.7505,5.7494,5.7503,0.213,0.0096,0.2008,0.2299,156800,156800,"[1, 256, 35, 35]","[1, 32, 35, 35]",inception_a2_b4_pool,10,1444096,1444096,120,1444216,32768,128,1411200,2,60
inception_a2_b4_relu,SecretReLULayer,Inception-A2,0.1911,0.0076,0.1818,0.2066,0.205,0.2063,0.0104,0.0015,0.0096,0.0149,156800,156800,"[1, 32, 35, 35]","[1, 32, 35, 35]",inception_a2_b4_1x1,10,313600,313600,60,313660,0,0,313600,1,60
inception_a2_concat,SecretConcatenateLayer,Inception-A2,0.2189,0.0078,0.2053,0.2352,0.2309,0.2344,0.01,0,0.01,0.01,1254400,1254400,[],"[1, 256, 35, 35]",inception_a2_b1_relu;inception_a2_b2_relu2;inception_a2_b3_relu3;inception_a2_b4_relu,10,1254400,1254400,120,1254520,0,0,1254400,2,60
inception_a3_b1_1x1,SGXConvBase,Inception-A3,13.5896,0.3317,13.2759,14.3417,14.1785,14.3091,0.6174,0.0111,0.6012,0.6381,313600,313600,"[1, 256, 35, 35]","[1, 64, 35, 35]",inception_a2_concat,10,1633792,1633792,120,1633912,65536,256,1568000,2,60
inception_a3_b1_relu,SecretReLULayer,Inception-A3,0.2981,0.0093,0.2832,0.3127,0.3113,0.3125,0.0127,0.0033,0.0099,0.0189,313600,313600,"[1, 64, 35, 35]","[1, 64, 35, 35]",inception_a3_b1_1x1,10,627200,627200,60,627260,0,0,627200,1,60
inception_a3_b2_1x1,SGXConvBase,Inception-A3,15.2736,0.1375,15.1139,15.479,15.4766,15.4785,0.6113,0.0075,0.6,0.6275,313600,313600,"[1, 256, 35, 35]","[1, 64, 35, 35]",inception_a2_concat,10,1633792,1633792,120,1633912,65536,256,1568000,2,60
inception_a3_b2_relu1,SecretReLULayer,Inception-A3,0.2843,0.013,0.2599,0.3047,0.301,0.304,0.013,0.0039,0.0099,0.0187,313600,313600,"[1, 64, 35, 35]","[1, 64, 35, 35]",inception_a3_b2_1x1,10,627200,627200,60,627260,0,0,627200,1,60
inception_a3_b2_3x3,SGXConvBase,Inception-A3,16.5694,0.1288,16.414,16.8107,16.7787,16.8043,1.2598,0.0126,1.2437,1.2878,470400,470400,"[1, 64, 35, 35]","[1, 96, 35, 35]",inception_a3_b2_relu1,10,1005568,1005568,120,1005688,221184,384,784000,2,60
inception_a3_b2_relu2,SecretReLULayer,Inception-A3,0.3865,0.0212,0.3526,0.4178,0.4151,0.4172,0.0126,0.0011,0.0119,0.0152,470400,470400,"[1, 96, 35, 35]","[1, 96, 35, 35]",inception_a3_b2_3x3,10,940800,940800,60,940860,0,0,940800,1,60
inception_a3_b3_1x1,SGXConvBase,Inception-A3,12.1506,0.129,11.9983,12.3773,12.3699,12.3758,0.3847,0.0079,0.3724,0.3995,235200,235200,"[1, 256, 35, 35]","[1, 48, 35, 35]",inception_a2_concat,10,1538944,1538944,120,1539064,49152,192,1489600,2,60
inception_a3_b3_relu1,SecretReLULayer,Inception-A3,0.2331,0.0135,0.2124,0.2594,0.2532,0.2582,0.0191,0.0008,0.0187,0.0214,235200,235200,"[1, 48, 35, 35]","[1, 48, 35, 35]",inception_a3_b3_1x1,10,470400,470400,60,470460,0,0,470400,1,60
inception_a3_b3_3x3_1,SGXConvBase,Inception-A3,7.6155,0.0524,7.5232,7.7074,7.6925,7.7044,0.7703,0.0903,0.6231,0.8581,313600,313600,"[1, 48, 35, 35]","[1, 64, 35, 35]",inception_a3_b3_relu1,10,659648,659648,60,659708,110592,256,548800,1,60
inception_a3_b3_relu2,SecretReLULayer,Inception-A3,0.2802,0.009,0.2652,0.2941,0.2913,0.2936,0.0101,0.0003,0.0099,0.0107,313600,313600,"[1, 64, 35, 35]","[1, 64, 35, 35]",inception_a3_b3_3x3_1,10,627200,627200,60,627260,0,0,627200,1,60
inception_a3_b3_3x3_2,SGXConvBase,Inception-A3,9.7464,0.2995,9.5561,10.6209,10.2422,10.5452,0.6088,0.0091,0.5972,0.6212,313600,313600,"[1, 64, 35, 35]","[1, 64, 35, 35]",inception_a3_b3_relu2,10,774912,774912,60,774972,147456,256,627200,1,60
inception_a3_b3_relu3,SecretReLULayer,Inception-A3,0.2926,0.0255,0.2679,0.3487,0.3391,0.3468,0.0111,0.0026,0.0099,0.0187,313600,313600,"[1, 64, 35, 35]","[1, 64, 35, 35]",inception_a3_b3_3x3_2,10,627200,627200,60,627260,0,0,627200,1,60
inception_a3_b4_pool,SecretMaxpool2dLayer,Inception-A3,0.3997,0.0401,0.3681,0.5145,0.4682,0.5053,5.9846,0.0196,5.9479,6.0169,940800,940800,"[1, 256, 35, 35]","[1, 256, 35, 35]",inception_a2_concat,10,2508800,2508800,180,2508980,0,0,2508800,3,60
inception_a3_b4_1x1,SGXConvBase,Inception-A3,5.6954,0.2538,5.5241,6.4346,6.1154,6.3708,0.2106,0.0074,0.2002,0.2226,156800,156800,"[1, 256, 35, 35]","[1, 32, 35, 35]",inception_a3_b4_pool,10,1444096,1444096,120,1444216,32768,128,1411200,2,60
inception_a3_b4_relu,SecretReLULayer,Inception-A3,0.1939,0.0126,0.1724,0.213,0.2125,0.2129,0.0105,0.0015,0.0097,0.0148,156800,156800,"[1, 32, 35, 35]","[1, 32, 35, 35]",inception_a3_b4_1x1,10,313600,313600,60,313660,0,0,313600,1,60
inception_a3_concat,SecretConcatenateLayer,Inception-A3,0.2306,0.0195,0.2097,0.2645,0.2618,0.2639,0.01,0,0.01,0.01,1254400,1254400,[],"[1, 256, 35, 35]",inception_a3_b1_relu;inception_a3_b2_relu2;inception_a3_b3_relu3;inception_a3_b4_relu,10,1254400,1254400,120,1254520,0,0,1254400,2,60
reduction_a_b1_3x3,SGXConvBase,Reduction-A,60.2786,1.9439,59.048,65.9829,63.5245,65.4912,4.3657,0.0552,4.3189,4.5198,443904,443904,"[1, 256, 35, 35]","[1, 384, 17, 17]",inception_a3_concat,10,5238784,5238784,180,5238964,3538944,1536,1698304,3,60
reduction_a_b1_relu,SecretReLULayer,Reduction-A,0.3848,0.0201,0.3485,0.4163,0.4155,0.4161,0.0119,0.0002,0.0116,0.0124,443904,443904,"[1, 384, 17, 17]","[1, 384, 17, 17]",reduction_a_b1_3x3,10,887808,887808,60,887868,0,0,887808,1,60
reduction_a_b2_1x1,SGXConvBase,Reduction-A,18.9665,0.2909,18.6439,19.5589,19.4702,19.5412,4.4141,0.3062,3.8326,4.792,940800,940800,"[1, 256, 35, 35]","[1, 192, 35, 35]",inception_a3_concat,10,2392576,2392576,120,2392696,196608,768,2195200,2,60
reduction_a_b2_relu1,SecretReLULayer,Reduction-A,0.6513,0.0264,0.6114,0.6842,0.6841,0.6842,0.0325,0.0041,0.0289,0.0409,940800,940800,"[1, 192, 35, 35]","[1, 192, 35, 35]",reduction_a_b2_1x1,10,1881600,1881600,60,1881660,0,0,1881600,1,60
reduction_a_b2_3x3,SGXConvBase,Reduction-A,38.3495,0.2418,37.9587,38.7113,38.6653,38.7021,3.6575,0.038,3.6069,3.7301,940800,940800,"[1, 192, 35, 35]","[1, 192, 35, 35]",reduction_a_b2_relu1,10,3209472,3209472,120,3209592,1327104,768,1881600,2,60
reduction_a_b2_relu2,SecretReLULayer,Reduction-A,0.6524,0.0185,0.6258,0.6916,0.6817,0.6896,0.0314,0.0016,0.0299,0.0352,940800,940800,"[1, 192, 35, 35]","[1, 192, 35, 35]",reduction_a_b2_3x3,10,1881600,1881600,60,1881660,0,0,1881600,1,60
reduction_a_b2_3x3_stride2,SGXConvBase,Reduction-A,46.2196,0.2618,45.968,46.7904,46.6667,46.7657,6.883,3.2966,5.1084,15.161,443904,443904,"[1, 192, 35, 35]","[1, 384, 17, 17]",reduction_a_b2_relu2,10,4040448,4040448,180,4040628,2654208,1536,1384704,3,60
reduction_a_b2_relu3,SecretReLULayer,Reduction-A,0.3882,0.0285,0.3526,0.4578,0.4373,0.4537,0.019,0.0006,0.0182,0.02,443904,443904,"[1, 384, 17, 17]","[1, 384, 17, 17]",reduction_a_b2_3x3_stride2,10,887808,887808,60,887868,0,0,887808,1,60
reduction_a_b3_pool,SecretMaxpool2dLayer,Reduction-A,0.4586,0.0546,0.4077,0.6113,0.5562,0.6003,2.1091,0.3066,1.8789,2.6592,295936,295936,"[1, 256, 35, 35]","[1, 256, 17, 17]",inception_a3_concat,10,1550336,1550336,60,1550396,0,0,1550336,1,60
reduction_a_concat,SecretConcatenateLayer,Reduction-A,0.2223,0.0167,0.1979,0.2573,0.2493,0.2557,0.01,0,0.01,0.01,887808,887808,[],"[1, 1024, 17, 17]",reduction_a_b1_relu;reduction_a_b2_relu3;reduction_a_b3_pool,10,1183744,1183744,60,1183804,0,0,1183744,1,60
inception_b1_b1_1x1,SGXConvBase,Inception-B1,18.5449,0.2397,18.2714,18.9379,18.9271,18.9357,1.1666,0.0132,1.1485,1.1949,221952,221952,"[1, 1024, 17, 17]","[1, 192, 17, 17]",reduction_a_concat,10,2192896,2192896,600,2193496,786432,768,1405696,10,60
inception_b1_b1_relu,SecretReLULayer,Inception-B1,0.2361,0.0132,0.2146,0.2538,0.2531,0.2537,0.0102,0.0025,0.0086,0.0151,221952,221952,"[1, 192, 17, 17]","[1, 192, 17, 17]",inception_b1_b1_1x1,10,443904,443904,120,444024,0,0,443904,2,60
inception_b1_b2_1x1,SGXConvBase,Inception-B1,15.7754,0.1119,15.615,15.9851,15.9411,15.9763,0.5601,0.0122,0.5429,0.5813,147968,147968,"[1, 1024, 17, 17]","[1, 128, 17, 17]",reduction_a_concat,10,1856512,1856512,540,1857052,524288,512,1331712,9,60
inception_b1_b2_relu1,SecretReLULayer,Inception-B1,0.1956,0.0139,0.1667,0.2168,0.2141,0.2163,0.0108,0.0019,0.0097,0.0146,147968,147968,"[1, 128, 17, 17]","[1, 128, 17, 17]",inception_b1_b2_1x1,10,295936,295936,120,296056,0,0,295936,2,60
inception_b1_b2_3x3,SGXConvBase,Inception-B1,8.1984,0.9202,7.8021,10.9527,9.6316,10.6885,1.1954,0.0428,1.1615,1.3048,221952,221952,"[1, 128, 17, 17]","[1, 192, 17, 17]",inception_b1_b2_relu1,10,1255424,1255424,360,1255784,884736,768,369920,6,60
inception_b1_b2_relu2,SecretReLULayer,Inception-B1,0.2348,0.0179,0.2047,0.2652,0.2602,0.2642,0.0184,0.0001,0.0182,0.0187,221952,221952,"[1, 192, 17, 17]","[1, 192, 17, 17]",inception_b1_b2_3x3,10,443904,443904,120,444024,0,0,443904,2,60
inception_b1_b3_1x1,SGXConvBase,Inception-B1,10.538,0.1056,10.3841,10.7706,10.7136,10.7592,0.5624,0.0109,0.546,0.5817,147968,147968,"[1, 1024, 17, 17]","[1, 128, 17, 17]",reduction_a_concat,10,1856512,1856512,540,1857052,524288,512,1331712,9,60
inception_b1_b3_relu1,SecretReLULayer,Inception-B1,0.1868,0.0245,0.1604,0.2401,0.2274,0.2375,0.0101,0.0004,0.0098,0.0109,147968,147968,"[1, 128, 17, 17]","[1, 128, 17, 17]",inception_b1_b3_1x1,10,295936,295936,120,296056,0,0,295936,2,60
inception_b1_b3_3x3_1,SGXConvBase,Inception-B1,7.8906,0.0597,7.7902,8.005,7.9767,7.9994,1.1699,0.013,1.1541,1.198,221952,221952,"[1, 128, 17, 17]","[1, 192, 17, 17]",inception_b1_b3_relu1,10,1255424,1255424,360,1255784,884736,768,369920,6,60
inception_b1_b3_relu2,SecretReLULayer,Inception-B1,0.2243,0.0139,0.2007,0.2519,0.2445,0.2505,0.0183,0.0002,0.0181,0.0187,221952,221952,"[1, 192, 17, 17]","[1, 192, 17, 17]",inception_b1_b3_3x3_1,10,443904,443904,120,444024,0,0,443904,2,60
inception_b1_b3_3x3_2,SGXConvBase,Inception-B1,10.6628,0.074,10.5738,10.7838,10.7716,10.7814,1.167,0.0088,1.1562,1.1862,221952,221952,"[1, 192, 17, 17]","[1, 192, 17, 17]",inception_b1_b3_relu2,10,1771776,1771776,480,1772256,1327104,768,443904,8,60
inception_b1_b3_relu3,SecretReLULayer,Inception-B1,0.2267,0.0155,0.202,0.2568,0.252,0.2559,0.019,0.0018,0.0182,0.0243,221952,221952,"[1, 192, 17, 17]","[1, 192, 17, 17]",inception_b1_b3_3x3_2,10,443904,443904,120,444024,0,0,443904,2,60
inception_b1_b4_pool,SecretMaxpool2dLayer,Inception-B1,0.3726,0.0236,0.3348,0.4117,0.4059,0.4105,5.7206,0.0307,5.6613,5.7572,887808,887808,"[1, 1024, 17, 17]","[1, 1024, 17, 17]",reduction_a_concat,10,2367488,2367488,660,2368148,0,0,2367488,11,60
inception_b1_b4_1x1,SGXConvBase,Inception-B1,17.7978,0.1032,17.5843,17.9366,17.9267,17.9346,1.1611,0.0063,1.1498,1.169,221952,221952,"[1, 1024, 17, 17]","[1, 192, 17, 17]",inception_b1_b4_pool,10,2192896,2192896,600,2193496,786432,768,1405696,10,60
inception_b1_b4_relu,SecretReLULayer,Inception-B1,0.2282,0.0171,0.2047,0.261,0.256,0.26,0.0184,0.0002,0.0182,0.0187,221952,221952,"[1, 192, 17, 17]","[1, 192, 17, 17]",inception_b1_b4_1x1,10,443904,443904,120,444024,0,0,443904,2,60
inception_b1_concat,SecretConcatenateLayer,Inception-B1,0.189,0.0102,0.1732,0.206,0.2018,0.2052,0.01,0,0.01,0.01,887808,887808,[],"[1, 768, 17, 17]",inception_b1_b1_relu;inception_b1_b2_relu2;inception_b1_b3_relu3;inception_b1_b4_relu,10,887808,887808,240,888048,0,0,887808,4,60
inception_b2_b1_1x1,SGXConvBase,Inception-B2,17.7478,1.2652,17.2314,21.5369,19.6923,21.168,1.1578,0.0087,1.1496,1.1793,221952,221952,"[1, 768, 17, 17]","[1, 192, 17, 17]",inception_b1_concat,10,1700352,1700352,480,1700832,589824,768,1109760,8,60
inception_b2_b1_relu,SecretReLULayer,Inception-B2,0.2409,0.0266,0.2119,0.3108,0.2847,0.3056,0.0183,0.0006,0.018,0.02,221952,221952,"[1, 192, 17, 17]","[1, 192, 17, 17]",inception_b2_b1_1x1,10,443904,443904,120,444024,0,0,443904,2,60
inception_b2_b2_1x1,SGXConvBase,Inception-B2,7.7919,0.7141,7.4463,9.927,8.9056,9.7227,0.5621,0.0109,0.5407,0.5743,147968,147968,"[1, 768, 17, 17]","[1, 128, 17, 17]",inception_b1_concat,10,1429504,1429504,420,1429924,393216,512,1035776,7,60
inception_b2_b2_relu1,SecretReLULayer,Inception-B2,0.1817,0.0215,0.1636,0.233,0.2172,0.2298,0.0098,0.0002,0.0096,0.0102,147968,147968,"[1, 128, 17, 17]","[1, 128, 17, 17]",inception_b2_b2_1x1,10,295936,295936,120,296056,0,0,295936,2,60
inception_b2_b2_3x3,SGXConvBase,Inception-B2,2.6762,0.0437,2.6282,2.775,2.7539,2.7708,1.1711,0.0106,1.1531,1.1902,221952,221952,"[1, 128, 17, 17]","[1, 192, 17, 17]",inception_b2_b2_relu1,10,1255424,1255424,360,1255784,884736,768,369920,6,60
inception_b2_b2_relu2,SecretReLULayer,Inception-B2,0.2302,0.0173,0.2103,0.2578,0.2574,0.2577,0.0167,0.0029,0.0102,0.0207,221952,221952,"[1, 192, 17, 17]","[1, 192, 17, 17]",inception_b2_b2_3x3,10,443904,443904,120,444024,0,0,443904,2,60
inception_b2_b3_1x1,SGXConvBase,Inception-B2,2.3093,0.0944,2.2085,2.5496,2.4628,2.5322,0.5602,0.0092,0.5432,0.5737,147968,147968,"[1, 768, 17, 17]","[1, 128, 17, 17]",inception_b1_concat,10,1429504,1429504,420,1429924,393216,512,1035776,7,60
inception_b2_b3_relu1,SecretReLULayer,Inception-B2,0.1814,0.0169,0.161,0.2145,0.2062,0.2129,0.0096,0.0001,0.0095,0.0098,147968,147968,"[1, 128, 17, 17]","[1, 128, 17, 17]",inception_b2_b3_1x1,10,295936,295936,120,296056,0,0,295936,2,60
inception_b2_b3_3x3_1,SGXConvBase,Inception-B2,2.6097,0.0518,2.5139,2.6799,2.6794,2.6798,1.3601,0.093,1.1642,1.4536,221952,221952,"[1, 128, 17, 17]","[1, 192, 17, 17]",inception_b2_b3_relu1,10,1255424,1255424,360,1255784,884736,768,369920,6,60
inception_b2_b3_relu2,SecretReLULayer,Inception-B2,0.2286,0.0108,0.2045,0.2451,0.2447,0.2451,0.012,0.001,0.0111,0.014,221952,221952,"[1, 192, 17, 17]","[1, 192, 17, 17]",inception_b2_b3_3x3_1,10,443904,443904,120,444024,0,0,443904,2,60
inception_b2_b3_3x3_2,SGXConvBase,Inception-B2,10.754,0.0651,10.6372,10.9073,10.8495,10.8958,1.4464,0.0637,1.3498,1.5622,221952,221952,"[1, 192, 17, 17]","[1, 192, 17, 17]",inception_b2_b3_relu2,10,1771776,1771776,480,1772256,1327104,768,443904,8,60
inception_b2_b3_relu3,SecretReLULayer,Inception-B2,0.2345,0.0103,0.2102,0.2544,0.2477,0.253,0.0117,0.001,0.0101,0.0131,221952,221952,"[1, 192, 17, 17]","[1, 192, 17, 17]",inception_b2_b3_3x3_2,10,443904,443904,120,444024,0,0,443904,2,60
inception_b2_b4_pool,SecretMaxpool2dLayer,Inception-B2,0.3274,0.0202,0.2994,0.3563,0.3557,0.3562,6.9468,0.2996,6.2025,7.4375,887808,887808,"[1, 768, 17, 17]","[1, 768, 17, 17]",inception_b1_concat,10,1775616,1775616,480,1776096,0,0,1775616,8,60
inception_b2_b4_1x1,SGXConvBase,Inception-B2,14.6537,0.189,14.4283,15.0815,14.9694,15.0591,1.4187,0.0193,1.3815,1.4438,221952,221952,"[1, 768, 17, 17]","[1, 192, 17, 17]",inception_b2_b4_pool,10,1700352,1700352,480,1700832,589824,768,1109760,8,60
inception_b2_b4_relu,SecretReLULayer,Inception-B2,0.2444,0.0244,0.2087,0.2851,0.2826,0.2846,0.014,0.0007,0.013,0.0156,221952,221952,"[1, 192, 17, 17]","[1, 192, 17, 17]",inception_b2_b4_1x1,10,443904,443904,120,444024,0,0,443904,2,60
inception_b2_concat,SecretConcatenateLayer,Inception-B2,0.2023,0.0191,0.1781,0.2451,0.2323,0.2426,0.01,0,0.01,0.01,887808,887808,[],"[1, 768, 17, 17]",inception_b2_b1_relu;inception_b2_b2_relu2;inception_b2_b3_relu3;inception_b2_b4_relu,10,887808,887808,240,888048,0,0,887808,4,60
inception_b3_b1_1x1,SGXConvBase,Inception-B3,17.3296,0.5138,16.8705,18.6711,18.285,18.5939,1.4222,0.0416,1.3447,1.5021,221952,221952,"[1, 768, 17, 17]","[1, 192, 17, 17]",inception_b2_concat,10,1700352,1700352,480,1700832,589824,768,1109760,8,60
inception_b3_b1_relu,SecretReLULayer,Inception-B3,0.242,0.0362,0.2068,0.3415,0.3048,0.3341,0.0141,0.0006,0.0134,0.015,221952,221952,"[1, 192, 17, 17]","[1, 192, 17, 17]",inception_b3_b1_1x1,10,443904,443904,120,444024,0,0,443904,2,60
inception_b3_b2_1x1,SGXConvBase,Inception-B3,7.702,0.296,7.4474,8.5358,8.189,8.4665,0.7146,0.0144,0.6856,0.7368,147968,147968,"[1, 768, 17, 17]","[1, 128, 17, 17]",inception_b2_concat,10,1429504,1429504,420,1429924,393216,512,1035776,7,60
inception_b3_b2_relu1,SecretReLULayer,Inception-B3,0.1866,0.0106,0.1759,0.2116,0.205,0.2103,0.0125,0.0007,0.0118,0.0141,147968,147968,"[1, 128, 17, 17]","[1, 128, 17, 17]",inception_b3_b2_1x1,10,295936,295936,120,296056,0,0,295936,2,60
inception_b3_b2_3x3,SGXConvBase,Inception-B3,2.7753,0.096,2.6371,2.9091,2.9008,2.9075,1.4204,0.0249,1.3718,1.4594,221952,221952,"[1, 128, 17, 17]","[1, 192, 17, 17]",inception_b3_b2_relu1,10,1255424,1255424,360,1255784,884736,768,369920,6,60
inception_b3_b2_relu2,SecretReLULayer,Inception-B3,0.2276,0.0167,0.2087,0.2666,0.2547,0.2642,0.0154,0.004,0.0102,0.0237,221952,221952,"[1, 192, 17, 17]","[1, 192, 17, 17]",inception_b3_b2_3x3,10,443904,443904,120,444024,0,0,443904,2,60
inception_b3_b3_1x1,SGXConvBase,Inception-B3,2.292,0.1343,2.138,2.5921,2.5448,2.5826,0.6668,0.0225,0.6003,0.6799,147968,147968,"[1, 768, 17, 17]","[1, 128, 17, 17]",inception_b2_concat,10,1429504,1429504,420,1429924,393216,512,1035776,7,60
inception_b3_b3_relu1,SecretReLULayer,Inception-B3,0.197,0.0297,0.1645,0.2654,0.2426,0.2609,0.0144,0.0057,0.0098,0.0279,147968,147968,"[1, 128, 17, 17]","[1, 128, 17, 17]",inception_b3_b3_1x1,10,295936,295936,120,296056,0,0,295936,2,60
inception_b3_b3_3x3_1,SGXConvBase,Inception-B3,2.7602,0.3766,2.5676,3.8585,3.4206,3.7709,1.3571,0.0996,1.2171,1.4843,221952,221952,"[1, 128, 17, 17]","[1, 192, 17, 17]",inception_b3_b3_relu1,10,1255424,1255424,360,1255784,884736,768,369920,6,60
inception_b3_b3_relu2,SecretReLULayer,Inception-B3,0.2318,0.028,0.2031,0.3049,0.28,0.2999,0.0162,0.0027,0.0138,0.0215,221952,221952,"[1, 192, 17, 17]","[1, 192, 17, 17]",inception_b3_b3_3x3_1,10,443904,443904,120,444024,0,0,443904,2,60
inception_b3_b3_3x3_2,SGXConvBase,Inception-B3,10.916,0.9681,10.4428,13.8076,12.4145,13.529,1.1775,0.0071,1.1652,1.1892,221952,221952,"[1, 192, 17, 17]","[1, 192, 17, 17]",inception_b3_b3_relu2,10,1771776,1771776,480,1772256,1327104,768,443904,8,60
inception_b3_b3_relu3,SecretReLULayer,Inception-B3,0.2408,0.0395,0.2025,0.3505,0.3061,0.3416,0.0183,0.0002,0.0181,0.0187,221952,221952,"[1, 192, 17, 17]","[1, 192, 17, 17]",inception_b3_b3_3x3_2,10,443904,443904,120,444024,0,0,443904,2,60
inception_b3_b4_pool,SecretMaxpool2dLayer,Inception-B3,0.3394,0.0483,0.299,0.4687,0.4226,0.4595,5.6911,0.0297,5.6483,5.7612,887808,887808,"[1, 768, 17, 17]","[1, 768, 17, 17]",inception_b2_concat,10,1775616,1775616,480,1776096,0,0,1775616,8,60
inception_b3_b4_1x1,SGXConvBase,Inception-B3,14.6356,0.329,14.2327,15.3963,15.1812,15.3533,1.1675,0.0079,1.1593,1.1834,221952,221952,"[1, 768, 17, 17]","[1, 192, 17, 17]",inception_b3_b4_pool,10,1700352,1700352,480,1700832,589824,768,1109760,8,60
inception_b3_b4_relu,SecretReLULayer,Inception-B3,0.2244,0.0148,0.2015,0.2423,0.24,0.2418,0.0184,0.0001,0.0182,0.0187,221952,221952,"[1, 192, 17, 17]","[1, 192, 17, 17]",inception_b3_b4_1x1,10,443904,443904,120,444024,0,0,443904,2,60
inception_b3_concat,SecretConcatenateLayer,Inception-B3,0.1881,0.0168,0.1662,0.2192,0.2153,0.2185,0.01,0,0.01,0.01,887808,887808,[],"[1, 768, 17, 17]",inception_b3_b1_relu;inception_b3_b2_relu2;inception_b3_b3_relu3;inception_b3_b4_relu,10,887808,887808,240,888048,0,0,887808,4,60
inception_b4_b1_1x1,SGXConvBase,Inception-B4,15.8033,0.2671,15.5155,16.3249,16.3066,16.3212,1.1687,0.0081,1.1547,1.1824,221952,221952,"[1, 768, 17, 17]","[1, 192, 17, 17]",inception_b3_concat,10,1700352,1700352,480,1700832,589824,768,1109760,8,60
inception_b4_b1_relu,SecretReLULayer,Inception-B4,0.2432,0.014,0.2181,0.2671,0.2656,0.2668,0.0184,0.0004,0.0181,0.0195,221952,221952,"[1, 192, 17, 17]","[1, 192, 17, 17]",inception_b4_b1_1x1,10,443904,443904,120,444024,0,0,443904,2,60
inception_b4_b2_1x1,SGXConvBase,Inception-B4,7.6808,0.1871,7.412,8.0684,8.0128,8.0573,0.559,0.0068,0.5481,0.567,147968,147968,"[1, 768, 17, 17]","[1, 128, 17, 17]",inception_b3_concat,10,1429504,1429504,420,1429924,393216,512,1035776,7,60
inception_b4_b2_relu1,SecretReLULayer,Inception-B4,0.1898,0.0288,0.1584,0.2553,0.234,0.2511,0.0108,0.003,0.0097,0.0198,147968,147968,"[1, 128, 17, 17]","[1, 128, 17, 17]",inception_b4_b2_1x1,10,295936,295936,120,296056,0,0,295936,2,60
inception_b4_b2_3x3,SGXConvBase,Inception-B4,2.9424,0.347,2.6348,3.8951,3.5291,3.8219,1.1671,0.0098,1.1497,1.183,221952,221952,"[1, 128, 17, 17]","[1, 192, 17, 17]",inception_b4_b2_relu1,10,1255424,1255424,360,1255784,884736,768,369920,6,60
inception_b4_b2_relu2,SecretReLULayer,Inception-B4,0.2533,0.0244,0.213,0.3031,0.2876,0.3,0.0191,0.001,0.0182,0.0211,221952,221952,"[1, 192, 17, 17]","[1, 192, 17, 17]",inception_b4_b2_3x3,10,443904,443904,120,444024,0,0,443904,2,60
inception_b4_b3_1x1,SGXConvBase,Inception-B4,2.3328,0.263,2.1468,3.098,2.7612,3.0306,0.5662,0.0196,0.5494,0.6189,147968,147968,"[1, 768, 17, 17]","[1, 128, 17, 17]",inception_b3_concat,10,1429504,1429504,420,1429924,393216,512,1035776,7,60
inception_b4_b3_relu1,SecretReLULayer,Inception-B4,0.2066,0.0259,0.1588,0.2319,0.2307,0.2316,0.0096,0.0001,0.0095,0.0099,147968,147968,"[1, 128, 17, 17]","[1, 128, 17, 17]",inception_b4_b3_1x1,10,295936,295936,120,296056,0,0,295936,2,60
inception_b4_b3_3x3_1,SGXConvBase,Inception-B4,2.8297,0.3072,2.5375,3.6781,3.3707,3.6167,1.1917,0.0572,1.1549,1.3393,221952,221952,"[1, 128, 17, 17]","[1, 192, 17, 17]",inception_b4_b3_relu1,10,1255424,1255424,360,1255784,884736,768,369920,6,60
inception_b4_b3_relu2,SecretReLULayer,Inception-B4,0.2432,0.0282,0.1994,0.2896,0.2846,0.2886,0.0181,0.0002,0.0178,0.0186,221952,221952,"[1, 192, 17, 17]","[1, 192, 17, 17]",inception_b4_b3_3x3_1,10,443904,443904,120,444024,0,0,443904,2,60
inception_b4_b3_3x3_2,SGXConvBase,Inception-B4,10.9583,0.2045,10.6346,11.4205,11.2662,11.3897,1.1955,0.0523,1.159,1.3226,221952,221952,"[1, 192, 17, 17]","[1, 192, 17, 17]",inception_b4_b3_relu2,10,1771776,1771776,480,1772256,1327104,768,443904,8,60
inception_b4_b3_relu3,SecretReLULayer,Inception-B4,0.2455,0.018,0.2007,0.2605,0.2601,0.2604,0.0207,0.0033,0.0183,0.0277,221952,221952,"[1, 192, 17, 17]","[1, 192, 17, 17]",inception_b4_b3_3x3_2,10,443904,443904,120,444024,0,0,443904,2,60
inception_b4_b4_pool,SecretMaxpool2dLayer,Inception-B4,0.3478,0.0467,0.2814,0.4626,0.4198,0.454,5.7157,0.0205,5.6826,5.7476,887808,887808,"[1, 768, 17, 17]","[1, 768, 17, 17]",inception_b3_concat,10,1775616,1775616,480,1776096,0,0,1775616,8,60
inception_b4_b4_1x1,SGXConvBase,Inception-B4,14.9782,0.4643,14.5162,15.9804,15.8276,15.9498,1.1731,0.0147,1.1532,1.2055,221952,221952,"[1, 768, 17, 17]","[1, 192, 17, 17]",inception_b4_b4_pool,10,1700352,1700352,480,1700832,589824,768,1109760,8,60
inception_b4_b4_relu,SecretReLULayer,Inception-B4,0.2367,0.0198,0.2032,0.2686,0.2651,0.2679,0.0184,0.0002,0.0183,0.019,221952,221952,"[1, 192, 17, 17]","[1, 192, 17, 17]",inception_b4_b4_1x1,10,443904,443904,120,444024,0,0,443904,2,60
inception_b4_concat,SecretConcatenateLayer,Inception-B4,0.189,0.0162,0.1592,0.2114,0.2102,0.2111,0.01,0,0.01,0.01,887808,887808,[],"[1, 768, 17, 17]",inception_b4_b1_relu;inception_b4_b2_relu2;inception_b4_b3_relu3;inception_b4_b4_relu,10,887808,887808,240,888048,0,0,887808,4,60
reduction_b_b1_3x3,SGXConvBase,Reduction-B,66.7394,2.2365,65.5104,73.3845,70.2957,72.7667,0.4994,0.0077,0.4852,0.509,49152,49152,"[1, 768, 17, 17]","[1, 192, 8, 8]",inception_b4_concat,10,6246144,6246144,360,6246504,5308416,768,936960,6,60
reduction_b_b1_relu,SecretReLULayer,Reduction-B,0.1398,0.0127,0.1222,0.167,0.1601,0.1656,0.0074,0.0002,0.0072,0.0078,49152,49152,"[1, 192, 8, 8]","[1, 192, 8, 8]",reduction_b_b1_3x3,10,98304,98304,60,98364,0,0,98304,1,60
reduction_b_b2_1x1,SGXConvBase,Reduction-B,13.3369,0.1339,13.124,13.593,13.5465,13.5837,1.1635,0.0077,1.1527,1.1811,221952,221952,"[1, 768, 17, 17]","[1, 192, 17, 17]",inception_b4_concat,10,1700352,1700352,120,1700472,589824,768,1109760,2,60
reduction_b_b2_relu1,SecretReLULayer,Reduction-B,0.238,0.0287,0.211,0.2928,0.2894,0.2921,0.0191,0.0023,0.0179,0.0258,221952,221952,"[1, 192, 17, 17]","[1, 192, 17, 17]",reduction_b_b2_1x1,10,443904,443904,60,443964,0,0,443904,1,60
reduction_b_b2_3x3,SGXConvBase,Reduction-B,15.8407,0.0622,15.7583,15.9444,15.9342,15.9424,1.165,0.0075,1.155,1.1796,221952,221952,"[1, 192, 17, 17]","[1, 192, 17, 17]",reduction_b_b2_relu1,10,1771776,1771776,120,1771896,1327104,768,443904,2,60
reduction_b_b2_relu2,SecretReLULayer,Reduction-B,0.2252,0.0145,0.2111,0.2504,0.2479,0.2499,0.0108,0.0002,0.0106,0.0114,221952,221952,"[1, 192, 17, 17]","[1, 192, 17, 17]",reduction_b_b2_3x3,10,443904,443904,60,443964,0,0,443904,1,60
reduction_b_b2_3x3_stride2,SGXConvBase,Reduction-B,28.429,0.2055,28.2207,28.8306,28.7369,28.8119,1.1684,0.0067,1.1588,1.1825,81920,81920,"[1, 192, 17, 17]","[1, 320, 8, 8]",reduction_b_b2_relu2,10,2516992,2516992,180,2517172,2211840,1280,303872,3,60
reduction_b_b2_relu3,SecretReLULayer,Reduction-B,0.159,0.0228,0.1348,0.2066,0.1969,0.2046,0.0086,0.0002,0.0084,0.0091,81920,81920,"[1, 320, 8, 8]","[1, 320, 8, 8]",reduction_b_b2_3x3_stride2,10,163840,163840,60,163900,0,0,163840,1,60
reduction_b_b3_pool,SecretMaxpool2dLayer,Reduction-B,0.3337,0.0159,0.3121,0.3599,0.3553,0.359,1.2816,0.0162,1.2577,1.3058,196608,196608,"[1, 768, 17, 17]","[1, 768, 8, 8]",inception_b4_concat,10,1084416,1084416,60,1084476,0,0,1084416,1,60
reduction_b_concat,SecretConcatenateLayer,Reduction-B,0.141,0.0072,0.1318,0.1521,0.1513,0.1519,0.01,0,0.01,0.01,327680,327680,[],"[1, 1280, 8, 8]",reduction_b_b1_relu;reduction_b_b2_relu3;reduction_b_b3_pool,10,327680,327680,60,327740,0,0,327680,1,60
inception_c1_b1_1x1,SGXConvBase,Inception-C1,10.16,0.1434,9.9958,10.4859,10.4034,10.4694,1.1783,0.0111,1.1608,1.2015,81920,81920,"[1, 1280, 8, 8]","[1, 320, 8, 8]",reduction_b_concat,10,2049280,2049280,16020,2065300,1638400,1280,409600,267,60
inception_c1_b1_relu,SecretReLULayer,Inception-C1,0.1374,0.0077,0.1243,0.1511,0.1504,0.151,0.0086,0.0002,0.0084,0.009,81920,81920,"[1, 320, 8, 8]","[1, 320, 8, 8]",inception_c1_b1_1x1,10,163840,163840,1320,165160,0,0,163840,22,60
inception_c1_b2_1x1,SGXConvBase,Inception-C1,15.9527,0.8728,15.51,18.5421,17.3544,18.3046,1.2277,0.0146,1.2108,1.2601,98304,98304,"[1, 1280, 8, 8]","[1, 384, 8, 8]",reduction_b_concat,10,2393600,2393600,18720,2412320,1966080,1536,425984,312,60
inception_c1_b2_relu1,SecretReLULayer,Inception-C1,0.1536,0.017,0.1379,0.1945,0.1824,0.1921,0.0093,0.0007,0.009,0.0115,98304,98304,"[1, 384, 8, 8]","[1, 384, 8, 8]",inception_c1_b2_1x1,10,196608,196608,1560,198168,0,0,196608,26,60
inception_c1_b2_3x3,SGXConvBase,Inception-C1,35.1764,1.0615,34.3077,38.0665,37.0387,37.861,1.2286,0.0102,1.2172,1.2458,98304,98304,"[1, 384, 8, 8]","[1, 384, 8, 8]",inception_c1_b2_relu1,10,5506560,5506560,43020,5549580,5308416,1536,196608,717,60
inception_c1_b2_relu2,SecretReLULayer,Inception-C1,0.1532,0.0151,0.1408,0.1908,0.1789,0.1885,0.0103,0.0001,0.0101,0.0107,98304,98304,"[1, 384, 8, 8]","[1, 384, 8, 8]",inception_c1_b2_3x3,10,196608,196608,1560,198168,0,0,196608,26,60
inception_c1_b3_1x1,SGXConvBase,Inception-C1,18.9262,1.4845,18.2341,23.3509,21.2816,22.937,1.6339,0.0146,1.6108,1.6627,114688,114688,"[1, 1280, 8, 8]","[1, 448, 8, 8]",reduction_b_concat,10,2737920,2737920,21420,2759340,2293760,1792,442368,357,60
inception_c1_b3_relu1,SecretReLULayer,Inception-C1,0.1692,0.0296,0.1425,0.2453,0.2229,0.2408,0.0103,0.0002,0.0101,0.0107,114688,114688,"[1, 448, 8, 8]","[1, 448, 8, 8]",inception_c1_b3_1x1,10,229376,229376,1800,231176,0,0,229376,30,60
inception_c1_b3_3x3_1,SGXConvBase,Inception-C1,42.6742,7.8871,39.6827,66.3008,55.0021,64.0411,1.2466,0.0249,1.2128,1.2944,98304,98304,"[1, 448, 8, 8]","[1, 384, 8, 8]",inception_c1_b3_relu1,10,6407680,6407680,50100,6457780,6193152,1536,212992,835,60
inception_c1_b3_relu2,SecretReLULayer,Inception-C1,0.1583,0.0384,0.125,0.2666,0.2235,0.258,0.0091,0.0002,0.009,0.0096,98304,98304,"[1, 384, 8, 8]","[1, 384, 8, 8]",inception_c1_b3_3x3_1,10,196608,196608,1560,198168,0,0,196608,26,60
inception_c1_b3_3x3_2,SGXConvBase,Inception-C1,36.3355,2.2416,34.7409,41.8953,40.6875,41.6537,1.2293,0.0107,1.2148,1.2479,98304,98304,"[1, 384, 8, 8]","[1, 384, 8, 8]",inception_c1_b3_relu2,10,5506560,5506560,43020,5549580,5308416,1536,196608,717,60
inception_c1_b3_relu3,SecretReLULayer,Inception-C1,0.1574,0.018,0.1328,0.2001,0.1872,0.1975,0.0095,0.001,0.009,0.0124,98304,98304,"[1, 384, 8, 8]","[1, 384, 8, 8]",inception_c1_b3_3x3_2,10,196608,196608,1560,198168,0,0,196608,26,60
inception_c1_b4_pool,SecretMaxpool2dLayer,Inception-C1,0.2203,0.0344,0.1817,0.2864,0.2834,0.2858,2.1146,0.0155,2.093,2.1364,327680,327680,"[1, 1280, 8, 8]","[1, 1280, 8, 8]",reduction_b_concat,10,655360,655360,5160,660520,0,0,655360,86,60
inception_c1_b4_1x1,SGXConvBase,Inception-C1,5.2778,0.139,5.1479,5.5742,5.5088,5.5611,0.5016,0.012,0.4878,0.5194,49152,49152,"[1, 1280, 8, 8]","[1, 192, 8, 8]",inception_c1_b4_pool,10,1360640,1360640,10680,1371320,983040,768,376832,178,60
inception_c1_b4_relu,SecretReLULayer,Inception-C1,0.126,0.0158,0.1042,0.1593,0.1515,0.1578,0.0079,0.0002,0.0077,0.0083,49152,49152,"[1, 192, 8, 8]","[1, 192, 8, 8]",inception_c1_b4_1x1,10,98304,98304,780,99084,0,0,98304,13,60
inception_c1_concat,SecretConcatenateLayer,Inception-C1,0.1506,0.0129,0.1359,0.1758,0.1711,0.1749,0.01,0,0.01,0.01,524288,524288,[],"[1, 1280, 8, 8]",inception_c1_b1_relu;inception_c1_b2_relu2;inception_c1_b3_relu3;inception_c1_b4_relu,10,327680,327680,2580,330260,0,0,327680,43,60
inception_c2_b1_1x1,SGXConvBase,Inception-C2,10.3216,0.7712,9.9544,12.6253,11.5334,12.4069,1.1669,0.0079,1.1568,1.183,81920,81920,"[1, 1280, 8, 8]","[1, 320, 8, 8]",inception_c1_concat,10,2049280,2049280,16020,2065300,1638400,1280,409600,267,60
inception_c2_b1_relu,SecretReLULayer,Inception-C2,0.1494,0.0239,0.1288,0.2154,0.1914,0.2106,0.009,0.0002,0.0088,0.0094,81920,81920,"[1, 320, 8, 8]","[1, 320, 8, 8]",inception_c2_b1_1x1,10,163840,163840,1320,165160,0,0,163840,22,60
inception_c2_b2_1x1,SGXConvBase,Inception-C2,15.9771,0.8898,15.4294,18.5985,17.4643,18.3717,1.2302,0.0119,1.2088,1.247,98304,98304,"[1, 1280, 8, 8]","[1, 384, 8, 8]",inception_c1_concat,10,2393600,2393600,18720,2412320,1966080,1536,425984,312,60
inception_c2_b2_relu1,SecretReLULayer,Inception-C2,0.1639,0.0258,0.1368,0.2123,0.2119,0.2123,0.0098,0.0016,0.009,0.0145,98304,98304,"[1, 384, 8, 8]","[1, 384, 8, 8]",inception_c2_b2_1x1,10,196608,196608,1560,198168,0,0,196608,26,60
inception_c2_b2_3x3,SGXConvBase,Inception-C2,35.9386,3.0722,33.9582,43.6203,42.0274,43.3017,1.2297,0.0117,1.2131,1.2514,98304,98304,"[1, 384, 8, 8]","[1, 384, 8, 8]",inception_c2_b2_relu1,10,5506560,5506560,43020,5549580,5308416,1536,196608,717,60
inception_c2_b2_relu2,SecretReLULayer,Inception-C2,0.1773,0.0539,0.1381,0.331,0.2682,0.3184,0.0091,0.0001,0.009,0.0093,98304,98304,"[1, 384, 8, 8]","[1, 384, 8, 8]",inception_c2_b2_3x3,10,196608,196608,1560,198168,0,0,196608,26,60
inception_c2_b3_1x1,SGXConvBase,Inception-C2,18.8394,1.0742,18.0894,21.9611,20.6408,21.697,1.6349,0.0165,1.6157,1.6656,114688,114688,"[1, 1280, 8, 8]","[1, 448, 8, 8]",inception_c1_concat,10,2737920,2737920,21420,2759340,2293760,1792,442368,357,60
inception_c2_b3_relu1,SecretReLULayer,Inception-C2,0.1685,0.0224,0.1477,0.2237,0.2071,0.2204,0.01,0.0004,0.0097,0.0113,114688,114688,"[1, 448, 8, 8]","[1, 448, 8, 8]",inception_c2_b3_1x1,10,229376,229376,1800,231176,0,0,229376,30,60
inception_c2_b3_3x3_1,SGXConvBase,Inception-C2,40.1462,0.9193,39.3876,42.6445,41.8151,42.4786,1.2314,0.0129,1.2145,1.2531,98304,98304,"[1, 448, 8, 8]","[1, 384, 8, 8]",inception_c2_b3_relu1,10,6407680,6407680,50100,6457780,6193152,1536,212992,835,60
inception_c2_b3_relu2,SecretReLULayer,Inception-C2,0.173,0.0282,0.1423,0.2355,0.2224,0.2329,0.0091,0.0001,0.009,0.0094,98304,98304,"[1, 384, 8, 8]","[1, 384, 8, 8]",inception_c2_b3_3x3_1,10,196608,196608,1560,198168,0,0,196608,26,60
inception_c2_b3_3x3_2,SGXConvBase,Inception-C2,35.9172,2.7629,34.6352,44.1717,40.2763,43.3926,1.2248,0.007,1.2168,1.2384,98304,98304,"[1, 384, 8, 8]","[1, 384, 8, 8]",inception_c2_b3_relu2,10,5506560,5506560,43020,5549580,5308416,1536,196608,717,60
inception_c2_b3_relu3,SecretReLULayer,Inception-C2,0.1638,0.0218,0.1425,0.2209,0.2005,0.2168,0.0103,0.0032,0.0092,0.0198,98304,98304,"[1, 384, 8, 8]","[1, 384, 8, 8]",inception_c2_b3_3x3_2,10,196608,196608,1560,198168,0,0,196608,26,60
inception_c2_b4_pool,SecretMaxpool2dLayer,Inception-C2,0.2172,0.0291,0.1856,0.2813,0.2645,0.278,2.1322,0.0194,2.101,2.1623,327680,327680,"[1, 1280, 8, 8]","[1, 1280, 8, 8]",inception_c1_concat,10,655360,655360,5160,660520,0,0,655360,86,60
inception_c2_b4_1x1,SGXConvBase,Inception-C2,5.5137,0.3832,5.2194,6.6058,6.166,6.5178,0.5016,0.0121,0.4883,0.5256,49152,49152,"[1, 1280, 8, 8]","[1, 192, 8, 8]",inception_c2_b4_pool,10,1360640,1360640,10680,1371320,983040,768,376832,178,60
inception_c2_b4_relu,SecretReLULayer,Inception-C2,0.1303,0.0221,0.109,0.1844,0.1706,0.1817,0.0083,0.003,0.0072,0.0172,49152,49152,"[1, 192, 8, 8]","[1, 192, 8, 8]",inception_c2_b4_1x1,10,98304,98304,780,99084,0,0,98304,13,60
inception_c2_concat,SecretConcatenateLayer,Inception-C2,0.1622,0.0163,0.141,0.1999,0.1898,0.1979,0.01,0,0.01,0.01,524288,524288,[],"[1, 1280, 8, 8]",inception_c2_b1_relu;inception_c2_b2_relu2;inception_c2_b3_relu3;inception_c2_b4_relu,10,327680,327680,2580,330260,0,0,327680,43,60
avgpool,SecretAvgpool2dLayer,Classifier,0.6265,0.1005,0.5615,0.9186,0.7928,0.8935,0.0176,0.0004,0.0174,0.0187,8192,8192,"[1, 1280, 8, 8]","[1, 1280, 1, 1]",inception_c2_concat,10,332800,332800,120,332920,0,0,332800,2,60
flatten,SecretFlattenLayer,Classifier,0.115,0.0105,0.101,0.1291,0.1288,0.129,0.0037,0.0002,0.0036,0.0042,8192,8192,[],"[1, 1280]",avgpool,10,5120,5120,60,5180,0,0,5120,1,60
fc,SGXLinearBase,Classifier,1.4275,0.1918,1.2878,1.9727,1.7594,1.9301,0.1713,0.0037,0.1678,0.1795,4000,4000,"[1, 1280]","[1, 1000]",flatten,10,5133120,5133120,1260,5134380,5120000,4000,9120,21,60
output,SecretOutputLayer,Classifier,0.0013,0.0001,0.0011,0.0015,0.0015,0.0015,0.01,0,0.01,0.01,4000,4000,"[1, 1000]",[1],fc,10,4004,4004,60,4064,0,0,4004,1,60
All,,,1505.7882,,,,,,180.1491,,,,,,,,,,,,,,,,,,